retty_url,retty_id
https://retty.me/area/PRE13/ARE7/SUB701/100000000037/,100000000037
https://retty.me/area/PRE13/ARE7/SUB701/100000000045/,100000000045
https://retty.me/area/PRE13/ARE7/SUB701/100000000097/,100000000097
https://retty.me/area/PRE13/ARE7/SUB701/100000000117/,100000000117
https://retty.me/area/PRE13/ARE7/SUB701/100000000121/,100000000121
https://retty.me/area/PRE13/ARE7/SUB701/100000000163/,100000000163
https://retty.me/area/PRE13/ARE7/SUB701/100000000185/,100000000185
https://retty.me/area/PRE13/ARE7/SUB701/100000000200/,100000000200
https://retty.me/area/PRE13/ARE7/SUB701/100000000267/,100000000267
https://retty.me/area/PRE13/ARE7/SUB701/100000000268/,100000000268
https://retty.me/area/PRE13/ARE7/SUB701/100000000274/,100000000274
https://retty.me/area/PRE13/ARE7/SUB701/100000000275/,100000000275
https://retty.me/area/PRE13/ARE7/SUB701/100000000287/,100000000287
https://retty.me/area/PRE13/ARE7/SUB701/100000000293/,100000000293
https://retty.me/area/PRE13/ARE7/SUB701/100000000347/,100000000347
https://retty.me/area/PRE13/ARE7/SUB701/100000000403/,100000000403
https://retty.me/area/PRE13/ARE7/SUB701/100000000444/,100000000444
https://retty.me/area/PRE13/ARE7/SUB701/100000000445/,100000000445
https://retty.me/area/PRE13/ARE7/SUB701/100000000472/,100000000472
https://retty.me/area/PRE13/ARE7/SUB701/100000000517/,100000000517
https://retty.me/area/PRE13/ARE7/SUB701/100000000536/,100000000536
https://retty.me/area/PRE13/ARE7/SUB701/100000000700/,100000000700
https://retty.me/area/PRE13/ARE7/SUB701/100000000703/,100000000703
https://retty.me/area/PRE13/ARE7/SUB701/100000000720/,100000000720
https://retty.me/area/PRE13/ARE7/SUB701/100000000775/,100000000775
https://retty.me/area/PRE13/ARE7/SUB701/100000000880/,100000000880
https://retty.me/area/PRE13/ARE7/SUB701/100000000881/,100000000881
https://retty.me/area/PRE13/ARE7/SUB701/100000000886/,100000000886
https://retty.me/area/PRE13/ARE7/SUB701/100000001176/,100000001176
https://retty.me/area/PRE13/ARE7/SUB701/100000001245/,100000001245
https://retty.me/area/PRE13/ARE7/SUB701/100000001260/,100000001260
https://retty.me/area/PRE13/ARE7/SUB701/100000001262/,100000001262
https://retty.me/area/PRE13/ARE7/SUB701/100000001297/,100000001297
https://retty.me/area/PRE13/ARE7/SUB701/100000001314/,100000001314
https://retty.me/area/PRE13/ARE7/SUB701/100000001425/,100000001425
https://retty.me/area/PRE13/ARE7/SUB701/100000001437/,100000001437
https://retty.me/area/PRE13/ARE7/SUB701/100000001561/,100000001561
https://retty.me/area/PRE13/ARE7/SUB701/100000001670/,100000001670
https://retty.me/area/PRE13/ARE7/SUB701/100000001713/,100000001713
https://retty.me/area/PRE13/ARE7/SUB701/100000001970/,100000001970
https://retty.me/area/PRE13/ARE7/SUB701/100000002062/,100000002062
https://retty.me/area/PRE13/ARE7/SUB701/100000002133/,100000002133
https://retty.me/area/PRE13/ARE7/SUB701/100000002168/,100000002168
https://retty.me/area/PRE13/ARE7/SUB701/100000002169/,100000002169
https://retty.me/area/PRE13/ARE7/SUB701/100000002315/,100000002315
https://retty.me/area/PRE13/ARE7/SUB701/100000002360/,100000002360
https://retty.me/area/PRE13/ARE7/SUB701/100000002432/,100000002432
https://retty.me/area/PRE13/ARE7/SUB701/100000002534/,100000002534
https://retty.me/area/PRE13/ARE7/SUB701/100000002561/,100000002561
https://retty.me/area/PRE13/ARE7/SUB701/100000002657/,100000002657
https://retty.me/area/PRE13/ARE7/SUB701/100000002781/,100000002781
https://retty.me/area/PRE13/ARE7/SUB701/100000002788/,100000002788
https://retty.me/area/PRE13/ARE7/SUB701/100000002921/,100000002921
https://retty.me/area/PRE13/ARE7/SUB701/100000003121/,100000003121
https://retty.me/area/PRE13/ARE7/SUB701/100000003334/,100000003334
https://retty.me/area/PRE13/ARE7/SUB701/100000003346/,100000003346
https://retty.me/area/PRE13/ARE7/SUB701/100000003351/,100000003351
https://retty.me/area/PRE13/ARE7/SUB701/100000003359/,100000003359
https://retty.me/area/PRE13/ARE7/SUB701/100000003441/,100000003441
https://retty.me/area/PRE13/ARE7/SUB701/100000003453/,100000003453
https://retty.me/area/PRE13/ARE7/SUB701/100000003636/,100000003636
https://retty.me/area/PRE13/ARE7/SUB701/100000003690/,100000003690
https://retty.me/area/PRE13/ARE7/SUB701/100000003706/,100000003706
https://retty.me/area/PRE13/ARE7/SUB701/100000003719/,100000003719
https://retty.me/area/PRE13/ARE7/SUB701/100000004187/,100000004187
https://retty.me/area/PRE13/ARE7/SUB701/100000004306/,100000004306
https://retty.me/area/PRE13/ARE7/SUB701/100000004321/,100000004321
https://retty.me/area/PRE13/ARE7/SUB701/100000004435/,100000004435
https://retty.me/area/PRE13/ARE7/SUB701/100000004490/,100000004490
https://retty.me/area/PRE13/ARE7/SUB701/100000004732/,100000004732
https://retty.me/area/PRE13/ARE7/SUB701/100000004733/,100000004733
https://retty.me/area/PRE13/ARE7/SUB701/100000004784/,100000004784
https://retty.me/area/PRE13/ARE7/SUB701/100000004912/,100000004912
https://retty.me/area/PRE13/ARE7/SUB701/100000005071/,100000005071
https://retty.me/area/PRE13/ARE7/SUB701/100000005249/,100000005249
https://retty.me/area/PRE13/ARE7/SUB701/100000005824/,100000005824
https://retty.me/area/PRE13/ARE7/SUB701/100000005894/,100000005894
https://retty.me/area/PRE13/ARE7/SUB701/100000005933/,100000005933
https://retty.me/area/PRE13/ARE7/SUB701/100000005968/,100000005968
https://retty.me/area/PRE13/ARE7/SUB701/100000006012/,100000006012
https://retty.me/area/PRE13/ARE7/SUB701/100000006137/,100000006137
https://retty.me/area/PRE13/ARE7/SUB701/100000006312/,100000006312
https://retty.me/area/PRE13/ARE7/SUB701/100000006535/,100000006535
https://retty.me/area/PRE13/ARE7/SUB701/100000006552/,100000006552
https://retty.me/area/PRE13/ARE7/SUB701/100000006610/,100000006610
https://retty.me/area/PRE13/ARE7/SUB701/100000006761/,100000006761
https://retty.me/area/PRE13/ARE7/SUB701/100000006814/,100000006814
https://retty.me/area/PRE13/ARE7/SUB701/100000007364/,100000007364
https://retty.me/area/PRE13/ARE7/SUB701/100000007378/,100000007378
https://retty.me/area/PRE13/ARE7/SUB701/100000007666/,100000007666
https://retty.me/area/PRE13/ARE7/SUB701/100000007682/,100000007682
https://retty.me/area/PRE13/ARE7/SUB701/100000007865/,100000007865
https://retty.me/area/PRE13/ARE7/SUB701/100000008043/,100000008043
https://retty.me/area/PRE13/ARE7/SUB701/100000008202/,100000008202
https://retty.me/area/PRE13/ARE7/SUB701/100000008333/,100000008333
https://retty.me/area/PRE13/ARE7/SUB701/100000008347/,100000008347
https://retty.me/area/PRE13/ARE7/SUB701/100000008428/,100000008428
https://retty.me/area/PRE13/ARE7/SUB701/100000008647/,100000008647
https://retty.me/area/PRE13/ARE7/SUB701/100000008673/,100000008673
https://retty.me/area/PRE13/ARE7/SUB701/100000008886/,100000008886
https://retty.me/area/PRE13/ARE7/SUB701/100000009161/,100000009161
https://retty.me/area/PRE13/ARE7/SUB701/100000009466/,100000009466
https://retty.me/area/PRE13/ARE7/SUB701/100000009470/,100000009470
https://retty.me/area/PRE13/ARE7/SUB701/100000009574/,100000009574
https://retty.me/area/PRE13/ARE7/SUB701/100000009577/,100000009577
https://retty.me/area/PRE13/ARE7/SUB701/100000009578/,100000009578
https://retty.me/area/PRE13/ARE7/SUB701/100000009608/,100000009608
https://retty.me/area/PRE13/ARE7/SUB701/100000009637/,100000009637
https://retty.me/area/PRE13/ARE7/SUB701/100000009638/,100000009638
https://retty.me/area/PRE13/ARE7/SUB701/100000009885/,100000009885
https://retty.me/area/PRE13/ARE7/SUB701/100000009954/,100000009954
https://retty.me/area/PRE13/ARE7/SUB701/100000010052/,100000010052
https://retty.me/area/PRE13/ARE7/SUB701/100000010298/,100000010298
https://retty.me/area/PRE13/ARE7/SUB701/100000010403/,100000010403
https://retty.me/area/PRE13/ARE7/SUB701/100000010541/,100000010541
https://retty.me/area/PRE13/ARE7/SUB701/100000010585/,100000010585
https://retty.me/area/PRE13/ARE7/SUB701/100000010641/,100000010641
https://retty.me/area/PRE13/ARE7/SUB701/100000011413/,100000011413
https://retty.me/area/PRE13/ARE7/SUB701/100000011419/,100000011419
https://retty.me/area/PRE13/ARE7/SUB701/100000011421/,100000011421
https://retty.me/area/PRE13/ARE7/SUB701/100000011434/,100000011434
https://retty.me/area/PRE13/ARE7/SUB701/100000011435/,100000011435
https://retty.me/area/PRE13/ARE7/SUB701/100000011537/,100000011537
https://retty.me/area/PRE13/ARE7/SUB701/100000011676/,100000011676
https://retty.me/area/PRE13/ARE7/SUB701/100000011683/,100000011683
https://retty.me/area/PRE13/ARE7/SUB701/100000011855/,100000011855
https://retty.me/area/PRE13/ARE7/SUB701/100000012223/,100000012223
https://retty.me/area/PRE13/ARE7/SUB701/100000012292/,100000012292
https://retty.me/area/PRE13/ARE7/SUB701/100000012589/,100000012589
https://retty.me/area/PRE13/ARE7/SUB701/100000012601/,100000012601
https://retty.me/area/PRE13/ARE7/SUB701/100000012608/,100000012608
https://retty.me/area/PRE13/ARE7/SUB701/100000012628/,100000012628
https://retty.me/area/PRE13/ARE7/SUB701/100000012644/,100000012644
https://retty.me/area/PRE13/ARE7/SUB701/100000012893/,100000012893
https://retty.me/area/PRE13/ARE7/SUB701/100000013028/,100000013028
https://retty.me/area/PRE13/ARE7/SUB701/100000013043/,100000013043
https://retty.me/area/PRE13/ARE7/SUB701/100000013098/,100000013098
https://retty.me/area/PRE13/ARE7/SUB701/100000013121/,100000013121
https://retty.me/area/PRE13/ARE7/SUB701/100000013465/,100000013465
https://retty.me/area/PRE13/ARE7/SUB701/100000013756/,100000013756
https://retty.me/area/PRE13/ARE7/SUB701/100000013899/,100000013899
https://retty.me/area/PRE13/ARE7/SUB701/100000013983/,100000013983
https://retty.me/area/PRE13/ARE7/SUB701/100000014640/,100000014640
https://retty.me/area/PRE13/ARE7/SUB701/100000014762/,100000014762
https://retty.me/area/PRE13/ARE7/SUB701/100000014865/,100000014865
https://retty.me/area/PRE13/ARE7/SUB701/100000014924/,100000014924
https://retty.me/area/PRE13/ARE7/SUB701/100000014937/,100000014937
https://retty.me/area/PRE13/ARE7/SUB701/100000014949/,100000014949
https://retty.me/area/PRE13/ARE7/SUB701/100000014962/,100000014962
https://retty.me/area/PRE13/ARE7/SUB701/100000015010/,100000015010
https://retty.me/area/PRE13/ARE7/SUB701/100000015020/,100000015020
https://retty.me/area/PRE13/ARE7/SUB701/100000015210/,100000015210
https://retty.me/area/PRE13/ARE7/SUB701/100000015809/,100000015809
https://retty.me/area/PRE13/ARE7/SUB701/100000016591/,100000016591
https://retty.me/area/PRE13/ARE7/SUB701/100000017498/,100000017498
https://retty.me/area/PRE13/ARE7/SUB701/100000017991/,100000017991
https://retty.me/area/PRE13/ARE7/SUB701/100000018116/,100000018116
https://retty.me/area/PRE13/ARE7/SUB701/100000018126/,100000018126
https://retty.me/area/PRE13/ARE7/SUB701/100000018385/,100000018385
https://retty.me/area/PRE13/ARE7/SUB701/100000018531/,100000018531
https://retty.me/area/PRE13/ARE7/SUB701/100000018696/,100000018696
https://retty.me/area/PRE13/ARE7/SUB701/100000019036/,100000019036
https://retty.me/area/PRE13/ARE7/SUB701/100000019324/,100000019324
https://retty.me/area/PRE13/ARE7/SUB701/100000019429/,100000019429
https://retty.me/area/PRE13/ARE7/SUB701/100000019473/,100000019473
https://retty.me/area/PRE13/ARE7/SUB701/100000019967/,100000019967
https://retty.me/area/PRE13/ARE7/SUB701/100000020883/,100000020883
https://retty.me/area/PRE13/ARE7/SUB701/100000020947/,100000020947
https://retty.me/area/PRE13/ARE7/SUB701/100000021760/,100000021760
https://retty.me/area/PRE13/ARE7/SUB701/100000021949/,100000021949
https://retty.me/area/PRE13/ARE7/SUB701/100000022097/,100000022097
https://retty.me/area/PRE13/ARE7/SUB701/100000022303/,100000022303
https://retty.me/area/PRE13/ARE7/SUB701/100000023100/,100000023100
https://retty.me/area/PRE13/ARE7/SUB701/100000023169/,100000023169
https://retty.me/area/PRE13/ARE7/SUB701/100000023422/,100000023422
https://retty.me/area/PRE13/ARE7/SUB701/100000023527/,100000023527
https://retty.me/area/PRE13/ARE7/SUB701/100000023665/,100000023665
https://retty.me/area/PRE13/ARE7/SUB701/100000024118/,100000024118
https://retty.me/area/PRE13/ARE7/SUB701/100000025033/,100000025033
https://retty.me/area/PRE13/ARE7/SUB701/100000025247/,100000025247
https://retty.me/area/PRE13/ARE7/SUB701/100000025517/,100000025517
https://retty.me/area/PRE13/ARE7/SUB701/100000025632/,100000025632
https://retty.me/area/PRE13/ARE7/SUB701/100000025754/,100000025754
https://retty.me/area/PRE13/ARE7/SUB701/100000025789/,100000025789
https://retty.me/area/PRE13/ARE7/SUB701/100000026142/,100000026142
https://retty.me/area/PRE13/ARE7/SUB701/100000026143/,100000026143
https://retty.me/area/PRE13/ARE7/SUB701/100000026267/,100000026267
https://retty.me/area/PRE13/ARE7/SUB701/100000026497/,100000026497
https://retty.me/area/PRE13/ARE7/SUB701/100000027159/,100000027159
https://retty.me/area/PRE13/ARE7/SUB701/100000027337/,100000027337
https://retty.me/area/PRE13/ARE7/SUB701/100000027517/,100000027517
https://retty.me/area/PRE13/ARE7/SUB701/100000027622/,100000027622
https://retty.me/area/PRE13/ARE7/SUB701/100000028805/,100000028805
https://retty.me/area/PRE13/ARE7/SUB701/100000028896/,100000028896
https://retty.me/area/PRE13/ARE7/SUB701/100000029044/,100000029044
https://retty.me/area/PRE13/ARE7/SUB701/100000029426/,100000029426
https://retty.me/area/PRE13/ARE7/SUB701/100000029861/,100000029861
https://retty.me/area/PRE13/ARE7/SUB701/100000029997/,100000029997
https://retty.me/area/PRE13/ARE7/SUB701/100000030084/,100000030084
https://retty.me/area/PRE13/ARE7/SUB701/100000030086/,100000030086
https://retty.me/area/PRE13/ARE7/SUB701/100000030105/,100000030105
https://retty.me/area/PRE13/ARE7/SUB701/100000030217/,100000030217
https://retty.me/area/PRE13/ARE7/SUB701/100000030262/,100000030262
https://retty.me/area/PRE13/ARE7/SUB701/100000030367/,100000030367
https://retty.me/area/PRE13/ARE7/SUB701/100000030969/,100000030969
https://retty.me/area/PRE13/ARE7/SUB701/100000031053/,100000031053
https://retty.me/area/PRE13/ARE7/SUB701/100000031588/,100000031588
https://retty.me/area/PRE13/ARE7/SUB701/100000031673/,100000031673
https://retty.me/area/PRE13/ARE7/SUB701/100000031732/,100000031732
https://retty.me/area/PRE13/ARE7/SUB701/100000031771/,100000031771
https://retty.me/area/PRE13/ARE7/SUB701/100000032462/,100000032462
https://retty.me/area/PRE13/ARE7/SUB701/100000032778/,100000032778
https://retty.me/area/PRE13/ARE7/SUB701/100000033336/,100000033336
https://retty.me/area/PRE13/ARE7/SUB701/100000033871/,100000033871
https://retty.me/area/PRE13/ARE7/SUB701/100000034095/,100000034095
https://retty.me/area/PRE13/ARE7/SUB701/100000034397/,100000034397
https://retty.me/area/PRE13/ARE7/SUB701/100000034495/,100000034495
https://retty.me/area/PRE13/ARE7/SUB701/100000034907/,100000034907
https://retty.me/area/PRE13/ARE7/SUB701/100000034939/,100000034939
https://retty.me/area/PRE13/ARE7/SUB701/100000036390/,100000036390
https://retty.me/area/PRE13/ARE7/SUB701/100000036587/,100000036587
https://retty.me/area/PRE13/ARE7/SUB701/100000036604/,100000036604
https://retty.me/area/PRE13/ARE7/SUB701/100000037532/,100000037532
https://retty.me/area/PRE13/ARE7/SUB701/100000037946/,100000037946
https://retty.me/area/PRE13/ARE7/SUB701/100000038602/,100000038602
https://retty.me/area/PRE13/ARE7/SUB701/100000038941/,100000038941
https://retty.me/area/PRE13/ARE7/SUB701/100000039147/,100000039147
https://retty.me/area/PRE13/ARE7/SUB701/100000039342/,100000039342
https://retty.me/area/PRE13/ARE7/SUB701/100000039852/,100000039852
https://retty.me/area/PRE13/ARE7/SUB701/100000040053/,100000040053
https://retty.me/area/PRE13/ARE7/SUB701/100000041084/,100000041084
https://retty.me/area/PRE13/ARE7/SUB701/100000041334/,100000041334
https://retty.me/area/PRE13/ARE7/SUB701/100000041913/,100000041913
https://retty.me/area/PRE13/ARE7/SUB701/100000041923/,100000041923
https://retty.me/area/PRE13/ARE7/SUB701/100000042562/,100000042562
https://retty.me/area/PRE13/ARE7/SUB701/100000042813/,100000042813
https://retty.me/area/PRE13/ARE7/SUB701/100000042835/,100000042835
https://retty.me/area/PRE13/ARE7/SUB701/100000043785/,100000043785
https://retty.me/area/PRE13/ARE7/SUB701/100000044153/,100000044153
https://retty.me/area/PRE13/ARE7/SUB701/100000045581/,100000045581
https://retty.me/area/PRE13/ARE7/SUB701/100000045672/,100000045672
https://retty.me/area/PRE13/ARE7/SUB701/100000046539/,100000046539
https://retty.me/area/PRE13/ARE7/SUB701/100000048142/,100000048142
https://retty.me/area/PRE13/ARE7/SUB701/100000048768/,100000048768
https://retty.me/area/PRE13/ARE7/SUB701/100000048807/,100000048807
https://retty.me/area/PRE13/ARE7/SUB701/100000048834/,100000048834
https://retty.me/area/PRE13/ARE7/SUB701/100000049753/,100000049753
https://retty.me/area/PRE13/ARE7/SUB701/100000051588/,100000051588
https://retty.me/area/PRE13/ARE7/SUB701/100000052273/,100000052273
https://retty.me/area/PRE13/ARE7/SUB701/100000052540/,100000052540
https://retty.me/area/PRE13/ARE7/SUB701/100000053249/,100000053249
https://retty.me/area/PRE13/ARE7/SUB701/100000055443/,100000055443
https://retty.me/area/PRE13/ARE7/SUB701/100000056083/,100000056083
https://retty.me/area/PRE13/ARE7/SUB701/100000056442/,100000056442
https://retty.me/area/PRE13/ARE7/SUB701/100000056975/,100000056975
https://retty.me/area/PRE13/ARE7/SUB701/100000057002/,100000057002
https://retty.me/area/PRE13/ARE7/SUB701/100000057086/,100000057086
https://retty.me/area/PRE13/ARE7/SUB701/100000057159/,100000057159
https://retty.me/area/PRE13/ARE7/SUB701/100000057384/,100000057384
https://retty.me/area/PRE13/ARE7/SUB701/100000058263/,100000058263
https://retty.me/area/PRE13/ARE7/SUB701/100000059559/,100000059559
https://retty.me/area/PRE13/ARE7/SUB701/100000061021/,100000061021
https://retty.me/area/PRE13/ARE7/SUB701/100000061459/,100000061459
https://retty.me/area/PRE13/ARE7/SUB701/100000062275/,100000062275
https://retty.me/area/PRE13/ARE7/SUB701/100000063640/,100000063640
https://retty.me/area/PRE13/ARE7/SUB701/100000064792/,100000064792
https://retty.me/area/PRE13/ARE7/SUB701/100000066523/,100000066523
https://retty.me/area/PRE13/ARE7/SUB701/100000066582/,100000066582
https://retty.me/area/PRE13/ARE7/SUB701/100000067342/,100000067342
https://retty.me/area/PRE13/ARE7/SUB701/100000070633/,100000070633
https://retty.me/area/PRE13/ARE7/SUB701/100000070907/,100000070907
https://retty.me/area/PRE13/ARE7/SUB701/100000072847/,100000072847
https://retty.me/area/PRE13/ARE7/SUB701/100000076417/,100000076417
https://retty.me/area/PRE13/ARE7/SUB701/100000077281/,100000077281
https://retty.me/area/PRE13/ARE7/SUB701/100000080499/,100000080499
https://retty.me/area/PRE13/ARE7/SUB701/100000082005/,100000082005
https://retty.me/area/PRE13/ARE7/SUB701/100000082202/,100000082202
https://retty.me/area/PRE13/ARE7/SUB701/100000082981/,100000082981
https://retty.me/area/PRE13/ARE7/SUB701/100000085511/,100000085511
https://retty.me/area/PRE13/ARE7/SUB701/100000087490/,100000087490
https://retty.me/area/PRE13/ARE7/SUB701/100000087805/,100000087805
https://retty.me/area/PRE13/ARE7/SUB701/100000087901/,100000087901
https://retty.me/area/PRE13/ARE7/SUB701/100000088939/,100000088939
https://retty.me/area/PRE13/ARE7/SUB701/100000090166/,100000090166
https://retty.me/area/PRE13/ARE7/SUB701/100000091227/,100000091227
https://retty.me/area/PRE13/ARE7/SUB701/100000091234/,100000091234
https://retty.me/area/PRE13/ARE7/SUB701/100000093180/,100000093180
https://retty.me/area/PRE13/ARE7/SUB701/100000095535/,100000095535
https://retty.me/area/PRE13/ARE7/SUB701/100000106413/,100000106413
https://retty.me/area/PRE13/ARE7/SUB701/100000106764/,100000106764
https://retty.me/area/PRE13/ARE7/SUB701/100000112891/,100000112891
https://retty.me/area/PRE13/ARE7/SUB701/100000112897/,100000112897
https://retty.me/area/PRE13/ARE7/SUB701/100000112911/,100000112911
https://retty.me/area/PRE13/ARE7/SUB701/100000112926/,100000112926
https://retty.me/area/PRE13/ARE7/SUB701/100000113041/,100000113041
https://retty.me/area/PRE13/ARE7/SUB701/100000113096/,100000113096
https://retty.me/area/PRE13/ARE7/SUB701/100000113101/,100000113101
https://retty.me/area/PRE13/ARE7/SUB701/100000113305/,100000113305
https://retty.me/area/PRE13/ARE7/SUB701/100000113306/,100000113306
https://retty.me/area/PRE13/ARE7/SUB701/100000113364/,100000113364
https://retty.me/area/PRE13/ARE7/SUB701/100000113374/,100000113374
https://retty.me/area/PRE13/ARE7/SUB701/100000113459/,100000113459
https://retty.me/area/PRE13/ARE7/SUB701/100000113473/,100000113473
https://retty.me/area/PRE13/ARE7/SUB701/100000113487/,100000113487
https://retty.me/area/PRE13/ARE7/SUB701/100000113531/,100000113531
https://retty.me/area/PRE13/ARE7/SUB701/100000113546/,100000113546
https://retty.me/area/PRE13/ARE7/SUB701/100000113589/,100000113589
https://retty.me/area/PRE13/ARE7/SUB701/100000113608/,100000113608
https://retty.me/area/PRE13/ARE7/SUB701/100000113618/,100000113618
https://retty.me/area/PRE13/ARE7/SUB701/100000113620/,100000113620
https://retty.me/area/PRE13/ARE7/SUB701/100000113622/,100000113622
https://retty.me/area/PRE13/ARE7/SUB701/100000113637/,100000113637
https://retty.me/area/PRE13/ARE7/SUB701/100000113805/,100000113805
https://retty.me/area/PRE13/ARE7/SUB701/100000113840/,100000113840
https://retty.me/area/PRE13/ARE7/SUB701/100000113896/,100000113896
https://retty.me/area/PRE13/ARE7/SUB701/100000113940/,100000113940
https://retty.me/area/PRE13/ARE7/SUB701/100000114125/,100000114125
https://retty.me/area/PRE13/ARE7/SUB701/100000114150/,100000114150
https://retty.me/area/PRE13/ARE7/SUB701/100000114162/,100000114162
https://retty.me/area/PRE13/ARE7/SUB701/100000114166/,100000114166
https://retty.me/area/PRE13/ARE7/SUB701/100000114329/,100000114329
https://retty.me/area/PRE13/ARE7/SUB701/100000114354/,100000114354
https://retty.me/area/PRE13/ARE7/SUB701/100000114410/,100000114410
https://retty.me/area/PRE13/ARE7/SUB701/100000114416/,100000114416
https://retty.me/area/PRE13/ARE7/SUB701/100000114585/,100000114585
https://retty.me/area/PRE13/ARE7/SUB701/100000114612/,100000114612
https://retty.me/area/PRE13/ARE7/SUB701/100000114697/,100000114697
https://retty.me/area/PRE13/ARE7/SUB701/100000114732/,100000114732
https://retty.me/area/PRE13/ARE7/SUB701/100000114790/,100000114790
https://retty.me/area/PRE13/ARE7/SUB701/100000114833/,100000114833
https://retty.me/area/PRE13/ARE7/SUB701/100000114848/,100000114848
https://retty.me/area/PRE13/ARE7/SUB701/100000114862/,100000114862
https://retty.me/area/PRE13/ARE7/SUB701/100000114937/,100000114937
https://retty.me/area/PRE13/ARE7/SUB701/100000114970/,100000114970
https://retty.me/area/PRE13/ARE7/SUB701/100000114981/,100000114981
https://retty.me/area/PRE13/ARE7/SUB701/100000115005/,100000115005
https://retty.me/area/PRE13/ARE7/SUB701/100000115042/,100000115042
https://retty.me/area/PRE13/ARE7/SUB701/100000115071/,100000115071
https://retty.me/area/PRE13/ARE7/SUB701/100000115142/,100000115142
https://retty.me/area/PRE13/ARE7/SUB701/100000115192/,100000115192
https://retty.me/area/PRE13/ARE7/SUB701/100000117254/,100000117254
https://retty.me/area/PRE13/ARE7/SUB701/100000132223/,100000132223
https://retty.me/area/PRE13/ARE7/SUB701/100000137240/,100000137240
https://retty.me/area/PRE13/ARE7/SUB701/100000158461/,100000158461
https://retty.me/area/PRE13/ARE7/SUB701/100000161980/,100000161980
https://retty.me/area/PRE13/ARE7/SUB701/100000173035/,100000173035
https://retty.me/area/PRE13/ARE7/SUB701/100000173246/,100000173246
https://retty.me/area/PRE13/ARE7/SUB701/100000175884/,100000175884
https://retty.me/area/PRE13/ARE7/SUB701/100000211776/,100000211776
https://retty.me/area/PRE13/ARE7/SUB701/100000213143/,100000213143
https://retty.me/area/PRE13/ARE7/SUB701/100000225541/,100000225541
https://retty.me/area/PRE13/ARE7/SUB701/100000228598/,100000228598
https://retty.me/area/PRE13/ARE7/SUB701/100000228629/,100000228629
https://retty.me/area/PRE13/ARE7/SUB701/100000236787/,100000236787
https://retty.me/area/PRE13/ARE7/SUB701/100000241138/,100000241138
https://retty.me/area/PRE13/ARE7/SUB701/100000254668/,100000254668
https://retty.me/area/PRE13/ARE7/SUB701/100000283685/,100000283685
https://retty.me/area/PRE13/ARE7/SUB701/100000305453/,100000305453
https://retty.me/area/PRE13/ARE7/SUB701/100000331926/,100000331926
https://retty.me/area/PRE13/ARE7/SUB701/100000394567/,100000394567
https://retty.me/area/PRE13/ARE7/SUB701/100000432953/,100000432953
https://retty.me/area/PRE13/ARE7/SUB701/100000447819/,100000447819
https://retty.me/area/PRE13/ARE7/SUB701/100000448056/,100000448056
https://retty.me/area/PRE13/ARE7/SUB701/100000448081/,100000448081
https://retty.me/area/PRE13/ARE7/SUB701/100000448860/,100000448860
https://retty.me/area/PRE13/ARE7/SUB701/100000449519/,100000449519
https://retty.me/area/PRE13/ARE7/SUB701/100000450435/,100000450435
https://retty.me/area/PRE13/ARE7/SUB701/100000451337/,100000451337
https://retty.me/area/PRE13/ARE7/SUB701/100000451698/,100000451698
https://retty.me/area/PRE13/ARE7/SUB701/100000452031/,100000452031
https://retty.me/area/PRE13/ARE7/SUB701/100000452044/,100000452044
https://retty.me/area/PRE13/ARE7/SUB701/100000452121/,100000452121
https://retty.me/area/PRE13/ARE7/SUB701/100000452326/,100000452326
https://retty.me/area/PRE13/ARE7/SUB701/100000452892/,100000452892
https://retty.me/area/PRE13/ARE7/SUB701/100000453792/,100000453792
https://retty.me/area/PRE13/ARE7/SUB701/100000454280/,100000454280
https://retty.me/area/PRE13/ARE7/SUB701/100000502668/,100000502668
https://retty.me/area/PRE13/ARE7/SUB701/100000541004/,100000541004
https://retty.me/area/PRE13/ARE7/SUB701/100000570307/,100000570307
https://retty.me/area/PRE13/ARE7/SUB701/100000643041/,100000643041
https://retty.me/area/PRE13/ARE7/SUB701/100000666904/,100000666904
https://retty.me/area/PRE13/ARE7/SUB701/100000683194/,100000683194
https://retty.me/area/PRE13/ARE7/SUB701/100000698167/,100000698167
https://retty.me/area/PRE13/ARE7/SUB701/100000698188/,100000698188
https://retty.me/area/PRE13/ARE7/SUB701/100000699047/,100000699047
https://retty.me/area/PRE13/ARE7/SUB701/100000699664/,100000699664
https://retty.me/area/PRE13/ARE7/SUB701/100000702350/,100000702350
https://retty.me/area/PRE13/ARE7/SUB701/100000702504/,100000702504
https://retty.me/area/PRE13/ARE7/SUB701/100000703725/,100000703725
https://retty.me/area/PRE13/ARE7/SUB701/100000704772/,100000704772
https://retty.me/area/PRE13/ARE7/SUB701/100000705080/,100000705080
https://retty.me/area/PRE13/ARE7/SUB701/100000706277/,100000706277
https://retty.me/area/PRE13/ARE7/SUB701/100000708424/,100000708424
https://retty.me/area/PRE13/ARE7/SUB701/100000709708/,100000709708
https://retty.me/area/PRE13/ARE7/SUB701/100000710706/,100000710706
https://retty.me/area/PRE13/ARE7/SUB701/100000710824/,100000710824
https://retty.me/area/PRE13/ARE7/SUB701/100000711577/,100000711577
https://retty.me/area/PRE13/ARE7/SUB701/100000712089/,100000712089
https://retty.me/area/PRE13/ARE7/SUB701/100000713370/,100000713370
https://retty.me/area/PRE13/ARE7/SUB701/100000713849/,100000713849
https://retty.me/area/PRE13/ARE7/SUB701/100000713978/,100000713978
https://retty.me/area/PRE13/ARE7/SUB701/100000714998/,100000714998
https://retty.me/area/PRE13/ARE7/SUB701/100000715010/,100000715010
https://retty.me/area/PRE13/ARE7/SUB701/100000715784/,100000715784
https://retty.me/area/PRE13/ARE7/SUB701/100000716997/,100000716997
https://retty.me/area/PRE13/ARE7/SUB701/100000717361/,100000717361
https://retty.me/area/PRE13/ARE7/SUB701/100000717429/,100000717429
https://retty.me/area/PRE13/ARE7/SUB701/100000717948/,100000717948
https://retty.me/area/PRE13/ARE7/SUB701/100000719381/,100000719381
https://retty.me/area/PRE13/ARE7/SUB701/100000719744/,100000719744
https://retty.me/area/PRE13/ARE7/SUB701/100000720212/,100000720212
https://retty.me/area/PRE13/ARE7/SUB701/100000721125/,100000721125
https://retty.me/area/PRE13/ARE7/SUB701/100000721938/,100000721938
https://retty.me/area/PRE13/ARE7/SUB701/100000723311/,100000723311
https://retty.me/area/PRE13/ARE7/SUB701/100000723378/,100000723378
https://retty.me/area/PRE13/ARE7/SUB701/100000724782/,100000724782
https://retty.me/area/PRE13/ARE7/SUB701/100000725528/,100000725528
https://retty.me/area/PRE13/ARE7/SUB701/100000726395/,100000726395
https://retty.me/area/PRE13/ARE7/SUB701/100000727017/,100000727017
https://retty.me/area/PRE13/ARE7/SUB701/100000728959/,100000728959
https://retty.me/area/PRE13/ARE7/SUB701/100000729768/,100000729768
https://retty.me/area/PRE13/ARE7/SUB701/100000730308/,100000730308
https://retty.me/area/PRE13/ARE7/SUB701/100000730339/,100000730339
https://retty.me/area/PRE13/ARE7/SUB701/100000730560/,100000730560
https://retty.me/area/PRE13/ARE7/SUB701/100000730863/,100000730863
https://retty.me/area/PRE13/ARE7/SUB701/100000732731/,100000732731
https://retty.me/area/PRE13/ARE7/SUB701/100000733044/,100000733044
https://retty.me/area/PRE13/ARE7/SUB701/100000736609/,100000736609
https://retty.me/area/PRE13/ARE7/SUB701/100000739526/,100000739526
https://retty.me/area/PRE13/ARE7/SUB701/100000740036/,100000740036
https://retty.me/area/PRE13/ARE7/SUB701/100000741469/,100000741469
https://retty.me/area/PRE13/ARE7/SUB701/100000742697/,100000742697
https://retty.me/area/PRE13/ARE7/SUB701/100000744274/,100000744274
https://retty.me/area/PRE13/ARE7/SUB701/100000744782/,100000744782
https://retty.me/area/PRE13/ARE7/SUB701/100000745000/,100000745000
https://retty.me/area/PRE13/ARE7/SUB701/100000745075/,100000745075
https://retty.me/area/PRE13/ARE7/SUB701/100000745738/,100000745738
https://retty.me/area/PRE13/ARE7/SUB701/100000745870/,100000745870
https://retty.me/area/PRE13/ARE7/SUB701/100000745910/,100000745910
https://retty.me/area/PRE13/ARE7/SUB701/100000746077/,100000746077
https://retty.me/area/PRE13/ARE7/SUB701/100000746081/,100000746081
https://retty.me/area/PRE13/ARE7/SUB701/100000746451/,100000746451
https://retty.me/area/PRE13/ARE7/SUB701/100000746718/,100000746718
https://retty.me/area/PRE13/ARE7/SUB701/100000747783/,100000747783
https://retty.me/area/PRE13/ARE7/SUB701/100000749227/,100000749227
https://retty.me/area/PRE13/ARE7/SUB701/100000749430/,100000749430
https://retty.me/area/PRE13/ARE7/SUB701/100000751175/,100000751175
https://retty.me/area/PRE13/ARE7/SUB701/100000754495/,100000754495
https://retty.me/area/PRE13/ARE7/SUB701/100000757116/,100000757116
https://retty.me/area/PRE13/ARE7/SUB701/100000759096/,100000759096
https://retty.me/area/PRE13/ARE7/SUB701/100000766597/,100000766597
https://retty.me/area/PRE13/ARE7/SUB701/100000767153/,100000767153
https://retty.me/area/PRE13/ARE7/SUB701/100000780445/,100000780445
https://retty.me/area/PRE13/ARE7/SUB701/100000780608/,100000780608
https://retty.me/area/PRE13/ARE7/SUB701/100000792487/,100000792487
https://retty.me/area/PRE13/ARE7/SUB701/100000802090/,100000802090
https://retty.me/area/PRE13/ARE7/SUB701/100000810406/,100000810406
https://retty.me/area/PRE13/ARE7/SUB701/100000810411/,100000810411
https://retty.me/area/PRE13/ARE7/SUB701/100000810431/,100000810431
https://retty.me/area/PRE13/ARE7/SUB701/100000810468/,100000810468
https://retty.me/area/PRE13/ARE7/SUB701/100000810546/,100000810546
https://retty.me/area/PRE13/ARE7/SUB701/100000810708/,100000810708
https://retty.me/area/PRE13/ARE7/SUB701/100000812573/,100000812573
https://retty.me/area/PRE13/ARE7/SUB701/100000818226/,100000818226
https://retty.me/area/PRE13/ARE7/SUB701/100000819244/,100000819244
https://retty.me/area/PRE13/ARE7/SUB701/100000819545/,100000819545
https://retty.me/area/PRE13/ARE7/SUB701/100000821591/,100000821591
https://retty.me/area/PRE13/ARE7/SUB701/100000822062/,100000822062
https://retty.me/area/PRE13/ARE7/SUB701/100000822745/,100000822745
https://retty.me/area/PRE13/ARE7/SUB701/100000823093/,100000823093
https://retty.me/area/PRE13/ARE7/SUB701/100000823108/,100000823108
https://retty.me/area/PRE13/ARE7/SUB701/100000824281/,100000824281
https://retty.me/area/PRE13/ARE7/SUB701/100000825804/,100000825804
https://retty.me/area/PRE13/ARE7/SUB701/100000826027/,100000826027
https://retty.me/area/PRE13/ARE7/SUB701/100000826880/,100000826880
https://retty.me/area/PRE13/ARE7/SUB701/100000828323/,100000828323
https://retty.me/area/PRE13/ARE7/SUB701/100000829882/,100000829882
https://retty.me/area/PRE13/ARE7/SUB701/100000830228/,100000830228
https://retty.me/area/PRE13/ARE7/SUB701/100000832393/,100000832393
https://retty.me/area/PRE13/ARE7/SUB701/100000834953/,100000834953
https://retty.me/area/PRE13/ARE7/SUB701/100000836898/,100000836898
https://retty.me/area/PRE13/ARE7/SUB701/100000839185/,100000839185
https://retty.me/area/PRE13/ARE7/SUB701/100000839549/,100000839549
https://retty.me/area/PRE13/ARE7/SUB701/100000839746/,100000839746
https://retty.me/area/PRE13/ARE7/SUB701/100000844710/,100000844710
https://retty.me/area/PRE13/ARE7/SUB701/100000847511/,100000847511
https://retty.me/area/PRE13/ARE7/SUB701/100000848327/,100000848327
https://retty.me/area/PRE13/ARE7/SUB701/100000848740/,100000848740
https://retty.me/area/PRE13/ARE7/SUB701/100000849458/,100000849458
https://retty.me/area/PRE13/ARE7/SUB701/100000849623/,100000849623
https://retty.me/area/PRE13/ARE7/SUB701/100000850513/,100000850513
https://retty.me/area/PRE13/ARE7/SUB701/100000852608/,100000852608
https://retty.me/area/PRE13/ARE7/SUB701/100000853946/,100000853946
https://retty.me/area/PRE13/ARE7/SUB701/100000855256/,100000855256
https://retty.me/area/PRE13/ARE7/SUB701/100000855313/,100000855313
https://retty.me/area/PRE13/ARE7/SUB701/100000856499/,100000856499
https://retty.me/area/PRE13/ARE7/SUB701/100000859683/,100000859683
https://retty.me/area/PRE13/ARE7/SUB701/100000860006/,100000860006
https://retty.me/area/PRE13/ARE7/SUB701/100000860322/,100000860322
https://retty.me/area/PRE13/ARE7/SUB701/100000863469/,100000863469
https://retty.me/area/PRE13/ARE7/SUB701/100000863800/,100000863800
https://retty.me/area/PRE13/ARE7/SUB701/100000865251/,100000865251
https://retty.me/area/PRE13/ARE7/SUB701/100000865723/,100000865723
https://retty.me/area/PRE13/ARE7/SUB701/100000867401/,100000867401
https://retty.me/area/PRE13/ARE7/SUB701/100000867814/,100000867814
https://retty.me/area/PRE13/ARE7/SUB701/100000867998/,100000867998
https://retty.me/area/PRE13/ARE7/SUB701/100000868154/,100000868154
https://retty.me/area/PRE13/ARE7/SUB701/100000868296/,100000868296
https://retty.me/area/PRE13/ARE7/SUB701/100000868805/,100000868805
https://retty.me/area/PRE13/ARE7/SUB701/100000869376/,100000869376
https://retty.me/area/PRE13/ARE7/SUB701/100000872092/,100000872092
https://retty.me/area/PRE13/ARE7/SUB701/100000873623/,100000873623
https://retty.me/area/PRE13/ARE7/SUB701/100000874029/,100000874029
https://retty.me/area/PRE13/ARE7/SUB701/100000876128/,100000876128
https://retty.me/area/PRE13/ARE7/SUB701/100000876300/,100000876300
https://retty.me/area/PRE13/ARE7/SUB701/100000876762/,100000876762
https://retty.me/area/PRE13/ARE7/SUB701/100000878035/,100000878035
https://retty.me/area/PRE13/ARE7/SUB701/100000878476/,100000878476
https://retty.me/area/PRE13/ARE7/SUB701/100000878883/,100000878883
https://retty.me/area/PRE13/ARE7/SUB701/100000881422/,100000881422
https://retty.me/area/PRE13/ARE7/SUB701/100000881561/,100000881561
https://retty.me/area/PRE13/ARE7/SUB701/100000881619/,100000881619
https://retty.me/area/PRE13/ARE7/SUB701/100000881651/,100000881651
https://retty.me/area/PRE13/ARE7/SUB701/100000882803/,100000882803
https://retty.me/area/PRE13/ARE7/SUB701/100000883149/,100000883149
https://retty.me/area/PRE13/ARE7/SUB701/100000885133/,100000885133
https://retty.me/area/PRE13/ARE7/SUB701/100000920181/,100000920181
https://retty.me/area/PRE13/ARE7/SUB701/100000921362/,100000921362
https://retty.me/area/PRE13/ARE7/SUB701/100000924314/,100000924314
https://retty.me/area/PRE13/ARE7/SUB701/100000924491/,100000924491
https://retty.me/area/PRE13/ARE7/SUB701/100000926094/,100000926094
https://retty.me/area/PRE13/ARE7/SUB701/100000929128/,100000929128
https://retty.me/area/PRE13/ARE7/SUB701/100000936638/,100000936638
https://retty.me/area/PRE13/ARE7/SUB701/100000941288/,100000941288
https://retty.me/area/PRE13/ARE7/SUB701/100000957006/,100000957006
https://retty.me/area/PRE13/ARE7/SUB701/100000980796/,100000980796
https://retty.me/area/PRE13/ARE7/SUB701/100001005241/,100001005241
https://retty.me/area/PRE13/ARE7/SUB701/100001015583/,100001015583
https://retty.me/area/PRE13/ARE7/SUB701/100001016088/,100001016088
https://retty.me/area/PRE13/ARE7/SUB701/100001023899/,100001023899
https://retty.me/area/PRE13/ARE7/SUB701/100001025226/,100001025226
https://retty.me/area/PRE13/ARE7/SUB701/100001033775/,100001033775
https://retty.me/area/PRE13/ARE7/SUB701/100001055572/,100001055572
https://retty.me/area/PRE13/ARE7/SUB701/100001073496/,100001073496
https://retty.me/area/PRE13/ARE7/SUB701/100001080238/,100001080238
https://retty.me/area/PRE13/ARE7/SUB701/100001082602/,100001082602
https://retty.me/area/PRE13/ARE7/SUB701/100001085165/,100001085165
https://retty.me/area/PRE13/ARE7/SUB701/100001100488/,100001100488
https://retty.me/area/PRE13/ARE7/SUB701/100001108547/,100001108547
https://retty.me/area/PRE13/ARE7/SUB701/100001111589/,100001111589
https://retty.me/area/PRE13/ARE7/SUB701/100001126255/,100001126255
https://retty.me/area/PRE13/ARE7/SUB701/100001145176/,100001145176
https://retty.me/area/PRE13/ARE7/SUB701/100001150985/,100001150985
https://retty.me/area/PRE13/ARE7/SUB701/100001153210/,100001153210
https://retty.me/area/PRE13/ARE7/SUB701/100001153318/,100001153318
https://retty.me/area/PRE13/ARE7/SUB701/100001153673/,100001153673
https://retty.me/area/PRE13/ARE7/SUB701/100001156882/,100001156882
https://retty.me/area/PRE13/ARE7/SUB701/100001157889/,100001157889
https://retty.me/area/PRE13/ARE7/SUB701/100001158176/,100001158176
https://retty.me/area/PRE13/ARE7/SUB701/100001158926/,100001158926
https://retty.me/area/PRE13/ARE7/SUB701/100001159968/,100001159968
https://retty.me/area/PRE13/ARE7/SUB701/100001161027/,100001161027
https://retty.me/area/PRE13/ARE7/SUB701/100001161484/,100001161484
https://retty.me/area/PRE13/ARE7/SUB701/100001162355/,100001162355
https://retty.me/area/PRE13/ARE7/SUB701/100001162617/,100001162617
https://retty.me/area/PRE13/ARE7/SUB701/100001165659/,100001165659
https://retty.me/area/PRE13/ARE7/SUB701/100001165815/,100001165815
https://retty.me/area/PRE13/ARE7/SUB701/100001165835/,100001165835
https://retty.me/area/PRE13/ARE7/SUB701/100001166054/,100001166054
https://retty.me/area/PRE13/ARE7/SUB701/100001166079/,100001166079
https://retty.me/area/PRE13/ARE7/SUB701/100001167607/,100001167607
https://retty.me/area/PRE13/ARE7/SUB701/100001171673/,100001171673
https://retty.me/area/PRE13/ARE7/SUB701/100001173295/,100001173295
https://retty.me/area/PRE13/ARE7/SUB701/100001174195/,100001174195
https://retty.me/area/PRE13/ARE7/SUB701/100001179064/,100001179064
https://retty.me/area/PRE13/ARE7/SUB701/100001179165/,100001179165
https://retty.me/area/PRE13/ARE7/SUB701/100001180390/,100001180390
https://retty.me/area/PRE13/ARE7/SUB701/100001181485/,100001181485
https://retty.me/area/PRE13/ARE7/SUB701/100001181821/,100001181821
https://retty.me/area/PRE13/ARE7/SUB701/100001181882/,100001181882
https://retty.me/area/PRE13/ARE7/SUB701/100001183287/,100001183287
https://retty.me/area/PRE13/ARE7/SUB701/100001184485/,100001184485
https://retty.me/area/PRE13/ARE7/SUB701/100001187288/,100001187288
https://retty.me/area/PRE13/ARE7/SUB701/100001188407/,100001188407
https://retty.me/area/PRE13/ARE7/SUB701/100001189534/,100001189534
https://retty.me/area/PRE13/ARE7/SUB701/100001193859/,100001193859
https://retty.me/area/PRE13/ARE7/SUB701/100001193982/,100001193982
https://retty.me/area/PRE13/ARE7/SUB701/100001194855/,100001194855
https://retty.me/area/PRE13/ARE7/SUB701/100001194894/,100001194894
https://retty.me/area/PRE13/ARE7/SUB701/100001196640/,100001196640
https://retty.me/area/PRE13/ARE7/SUB701/100001197145/,100001197145
https://retty.me/area/PRE13/ARE7/SUB701/100001200325/,100001200325
https://retty.me/area/PRE13/ARE7/SUB701/100001200764/,100001200764
https://retty.me/area/PRE13/ARE7/SUB701/100001201156/,100001201156
https://retty.me/area/PRE13/ARE7/SUB701/100001204087/,100001204087
https://retty.me/area/PRE13/ARE7/SUB701/100001206164/,100001206164
https://retty.me/area/PRE13/ARE7/SUB701/100001207191/,100001207191
https://retty.me/area/PRE13/ARE7/SUB701/100001207634/,100001207634
https://retty.me/area/PRE13/ARE7/SUB701/100001210315/,100001210315
https://retty.me/area/PRE13/ARE7/SUB701/100001211512/,100001211512
https://retty.me/area/PRE13/ARE7/SUB701/100001211705/,100001211705
https://retty.me/area/PRE13/ARE7/SUB701/100001218823/,100001218823
https://retty.me/area/PRE13/ARE7/SUB701/100001219229/,100001219229
https://retty.me/area/PRE13/ARE7/SUB701/100001219271/,100001219271
https://retty.me/area/PRE13/ARE7/SUB701/100001220853/,100001220853
https://retty.me/area/PRE13/ARE7/SUB701/100001227511/,100001227511
https://retty.me/area/PRE13/ARE7/SUB701/100001228107/,100001228107
https://retty.me/area/PRE13/ARE7/SUB701/100001228695/,100001228695
https://retty.me/area/PRE13/ARE7/SUB701/100001228773/,100001228773
https://retty.me/area/PRE13/ARE7/SUB701/100001229222/,100001229222
https://retty.me/area/PRE13/ARE7/SUB701/100001229954/,100001229954
https://retty.me/area/PRE13/ARE7/SUB701/100001231563/,100001231563
https://retty.me/area/PRE13/ARE7/SUB701/100001231969/,100001231969
https://retty.me/area/PRE13/ARE7/SUB701/100001232048/,100001232048
https://retty.me/area/PRE13/ARE7/SUB701/100001232124/,100001232124
https://retty.me/area/PRE13/ARE7/SUB701/100001232316/,100001232316
https://retty.me/area/PRE13/ARE7/SUB701/100001232823/,100001232823
https://retty.me/area/PRE13/ARE7/SUB701/100001234081/,100001234081
https://retty.me/area/PRE13/ARE7/SUB701/100001234122/,100001234122
https://retty.me/area/PRE13/ARE7/SUB701/100001235111/,100001235111
https://retty.me/area/PRE13/ARE7/SUB701/100001236252/,100001236252
https://retty.me/area/PRE13/ARE7/SUB701/100001237244/,100001237244
https://retty.me/area/PRE13/ARE7/SUB701/100001238115/,100001238115
https://retty.me/area/PRE13/ARE7/SUB701/100001238167/,100001238167
https://retty.me/area/PRE13/ARE7/SUB701/100001239715/,100001239715
https://retty.me/area/PRE13/ARE7/SUB701/100001240303/,100001240303
https://retty.me/area/PRE13/ARE7/SUB701/100001243035/,100001243035
https://retty.me/area/PRE13/ARE7/SUB701/100001244759/,100001244759
https://retty.me/area/PRE13/ARE7/SUB701/100001246058/,100001246058
https://retty.me/area/PRE13/ARE7/SUB701/100001248074/,100001248074
https://retty.me/area/PRE13/ARE7/SUB701/100001248161/,100001248161
https://retty.me/area/PRE13/ARE7/SUB701/100001248199/,100001248199
https://retty.me/area/PRE13/ARE7/SUB701/100001248540/,100001248540
https://retty.me/area/PRE13/ARE7/SUB701/100001249519/,100001249519
https://retty.me/area/PRE13/ARE7/SUB701/100001250509/,100001250509
https://retty.me/area/PRE13/ARE7/SUB701/100001250742/,100001250742
https://retty.me/area/PRE13/ARE7/SUB701/100001251662/,100001251662
https://retty.me/area/PRE13/ARE7/SUB701/100001252083/,100001252083
https://retty.me/area/PRE13/ARE7/SUB701/100001254133/,100001254133
https://retty.me/area/PRE13/ARE7/SUB701/100001254378/,100001254378
https://retty.me/area/PRE13/ARE7/SUB701/100001254796/,100001254796
https://retty.me/area/PRE13/ARE7/SUB701/100001256356/,100001256356
https://retty.me/area/PRE13/ARE7/SUB701/100001256358/,100001256358
https://retty.me/area/PRE13/ARE7/SUB701/100001256359/,100001256359
https://retty.me/area/PRE13/ARE7/SUB701/100001256360/,100001256360
https://retty.me/area/PRE13/ARE7/SUB701/100001257873/,100001257873
https://retty.me/area/PRE13/ARE7/SUB701/100001260018/,100001260018
https://retty.me/area/PRE13/ARE7/SUB701/100001262706/,100001262706
https://retty.me/area/PRE13/ARE7/SUB701/100001266397/,100001266397
https://retty.me/area/PRE13/ARE7/SUB701/100001269933/,100001269933
https://retty.me/area/PRE13/ARE7/SUB701/100001271248/,100001271248
https://retty.me/area/PRE13/ARE7/SUB701/100001271249/,100001271249
https://retty.me/area/PRE13/ARE7/SUB701/100001271250/,100001271250
https://retty.me/area/PRE13/ARE7/SUB701/100001271251/,100001271251
https://retty.me/area/PRE13/ARE7/SUB701/100001271526/,100001271526
https://retty.me/area/PRE13/ARE7/SUB701/100001272382/,100001272382
https://retty.me/area/PRE13/ARE7/SUB701/100001274100/,100001274100
https://retty.me/area/PRE13/ARE7/SUB701/100001274193/,100001274193
https://retty.me/area/PRE13/ARE7/SUB701/100001274390/,100001274390
https://retty.me/area/PRE13/ARE7/SUB701/100001274913/,100001274913
https://retty.me/area/PRE13/ARE7/SUB701/100001275589/,100001275589
https://retty.me/area/PRE13/ARE7/SUB701/100001275819/,100001275819
https://retty.me/area/PRE13/ARE7/SUB701/100001277113/,100001277113
https://retty.me/area/PRE13/ARE7/SUB701/100001278790/,100001278790
https://retty.me/area/PRE13/ARE7/SUB701/100001280464/,100001280464
https://retty.me/area/PRE13/ARE7/SUB701/100001281399/,100001281399
https://retty.me/area/PRE13/ARE7/SUB701/100001284862/,100001284862
https://retty.me/area/PRE13/ARE7/SUB701/100001284881/,100001284881
https://retty.me/area/PRE13/ARE7/SUB701/100001285368/,100001285368
https://retty.me/area/PRE13/ARE7/SUB701/100001285609/,100001285609
https://retty.me/area/PRE13/ARE7/SUB701/100001287221/,100001287221
https://retty.me/area/PRE13/ARE7/SUB701/100001287432/,100001287432
https://retty.me/area/PRE13/ARE7/SUB701/100001288333/,100001288333
https://retty.me/area/PRE13/ARE7/SUB701/100001288492/,100001288492
https://retty.me/area/PRE13/ARE7/SUB701/100001290560/,100001290560
https://retty.me/area/PRE13/ARE7/SUB701/100001291351/,100001291351
https://retty.me/area/PRE13/ARE7/SUB701/100001291500/,100001291500
https://retty.me/area/PRE13/ARE7/SUB701/100001292956/,100001292956
https://retty.me/area/PRE13/ARE7/SUB701/100001293074/,100001293074
https://retty.me/area/PRE13/ARE7/SUB701/100001293262/,100001293262
https://retty.me/area/PRE13/ARE7/SUB701/100001294175/,100001294175
https://retty.me/area/PRE13/ARE7/SUB701/100001294224/,100001294224
https://retty.me/area/PRE13/ARE7/SUB701/100001294275/,100001294275
https://retty.me/area/PRE13/ARE7/SUB701/100001294745/,100001294745
https://retty.me/area/PRE13/ARE7/SUB701/100001296918/,100001296918
https://retty.me/area/PRE13/ARE7/SUB701/100001297300/,100001297300
https://retty.me/area/PRE13/ARE7/SUB701/100001298436/,100001298436
https://retty.me/area/PRE13/ARE7/SUB701/100001299114/,100001299114
https://retty.me/area/PRE13/ARE7/SUB701/100001299811/,100001299811
https://retty.me/area/PRE13/ARE7/SUB701/100001299876/,100001299876
https://retty.me/area/PRE13/ARE7/SUB701/100001300519/,100001300519
https://retty.me/area/PRE13/ARE7/SUB701/100001301052/,100001301052
https://retty.me/area/PRE13/ARE7/SUB701/100001301734/,100001301734
https://retty.me/area/PRE13/ARE7/SUB701/100001301964/,100001301964
https://retty.me/area/PRE13/ARE7/SUB701/100001303669/,100001303669
https://retty.me/area/PRE13/ARE7/SUB701/100001304166/,100001304166
https://retty.me/area/PRE13/ARE7/SUB701/100001306024/,100001306024
https://retty.me/area/PRE13/ARE7/SUB701/100001306324/,100001306324
https://retty.me/area/PRE13/ARE7/SUB701/100001308531/,100001308531
https://retty.me/area/PRE13/ARE7/SUB701/100001309783/,100001309783
https://retty.me/area/PRE13/ARE7/SUB701/100001311179/,100001311179
https://retty.me/area/PRE13/ARE7/SUB701/100001311337/,100001311337
https://retty.me/area/PRE13/ARE7/SUB701/100001311341/,100001311341
https://retty.me/area/PRE13/ARE7/SUB701/100001311658/,100001311658
https://retty.me/area/PRE13/ARE7/SUB701/100001312514/,100001312514
https://retty.me/area/PRE13/ARE7/SUB701/100001313013/,100001313013
https://retty.me/area/PRE13/ARE7/SUB701/100001313538/,100001313538
https://retty.me/area/PRE13/ARE7/SUB701/100001313710/,100001313710
https://retty.me/area/PRE13/ARE7/SUB701/100001313715/,100001313715
https://retty.me/area/PRE13/ARE7/SUB701/100001315625/,100001315625
https://retty.me/area/PRE13/ARE7/SUB701/100001315751/,100001315751
https://retty.me/area/PRE13/ARE7/SUB701/100001316081/,100001316081
https://retty.me/area/PRE13/ARE7/SUB701/100001317893/,100001317893
https://retty.me/area/PRE13/ARE7/SUB701/100001318227/,100001318227
https://retty.me/area/PRE13/ARE7/SUB701/100001318288/,100001318288
https://retty.me/area/PRE13/ARE7/SUB701/100001318781/,100001318781
https://retty.me/area/PRE13/ARE7/SUB701/100001319081/,100001319081
https://retty.me/area/PRE13/ARE7/SUB701/100001319241/,100001319241
https://retty.me/area/PRE13/ARE7/SUB701/100001319516/,100001319516
https://retty.me/area/PRE13/ARE7/SUB701/100001319638/,100001319638
https://retty.me/area/PRE13/ARE7/SUB701/100001321381/,100001321381
https://retty.me/area/PRE13/ARE7/SUB701/100001322426/,100001322426
https://retty.me/area/PRE13/ARE7/SUB701/100001322658/,100001322658
https://retty.me/area/PRE13/ARE7/SUB701/100001324329/,100001324329
https://retty.me/area/PRE13/ARE7/SUB701/100001325029/,100001325029
https://retty.me/area/PRE13/ARE7/SUB701/100001325414/,100001325414
https://retty.me/area/PRE13/ARE7/SUB701/100001326755/,100001326755
https://retty.me/area/PRE13/ARE7/SUB701/100001327042/,100001327042
https://retty.me/area/PRE13/ARE7/SUB701/100001327658/,100001327658
https://retty.me/area/PRE13/ARE7/SUB701/100001329141/,100001329141
https://retty.me/area/PRE13/ARE7/SUB701/100001331034/,100001331034
https://retty.me/area/PRE13/ARE7/SUB701/100001333494/,100001333494
https://retty.me/area/PRE13/ARE7/SUB701/100001334620/,100001334620
https://retty.me/area/PRE13/ARE7/SUB701/100001335232/,100001335232
https://retty.me/area/PRE13/ARE7/SUB701/100001337628/,100001337628
https://retty.me/area/PRE13/ARE7/SUB701/100001338790/,100001338790
https://retty.me/area/PRE13/ARE7/SUB701/100001339373/,100001339373
https://retty.me/area/PRE13/ARE7/SUB701/100001341219/,100001341219
https://retty.me/area/PRE13/ARE7/SUB701/100001342812/,100001342812
https://retty.me/area/PRE13/ARE7/SUB701/100001344031/,100001344031
https://retty.me/area/PRE13/ARE7/SUB701/100001346973/,100001346973
https://retty.me/area/PRE13/ARE7/SUB701/100001347367/,100001347367
https://retty.me/area/PRE13/ARE7/SUB701/100001347604/,100001347604
https://retty.me/area/PRE13/ARE7/SUB701/100001347881/,100001347881
https://retty.me/area/PRE13/ARE7/SUB701/100001348110/,100001348110
https://retty.me/area/PRE13/ARE7/SUB701/100001349525/,100001349525
https://retty.me/area/PRE13/ARE7/SUB701/100001349582/,100001349582
https://retty.me/area/PRE13/ARE7/SUB701/100001349602/,100001349602
https://retty.me/area/PRE13/ARE7/SUB701/100001349896/,100001349896
https://retty.me/area/PRE13/ARE7/SUB701/100001352631/,100001352631
https://retty.me/area/PRE13/ARE7/SUB701/100001354229/,100001354229
https://retty.me/area/PRE13/ARE7/SUB701/100001354242/,100001354242
https://retty.me/area/PRE13/ARE7/SUB701/100001355564/,100001355564
https://retty.me/area/PRE13/ARE7/SUB701/100001356251/,100001356251
https://retty.me/area/PRE13/ARE7/SUB701/100001356869/,100001356869
https://retty.me/area/PRE13/ARE7/SUB701/100001358689/,100001358689
https://retty.me/area/PRE13/ARE7/SUB701/100001359048/,100001359048
https://retty.me/area/PRE13/ARE7/SUB701/100001359395/,100001359395
https://retty.me/area/PRE13/ARE7/SUB701/100001359754/,100001359754
https://retty.me/area/PRE13/ARE7/SUB701/100001359973/,100001359973
https://retty.me/area/PRE13/ARE7/SUB701/100001360490/,100001360490
https://retty.me/area/PRE13/ARE7/SUB701/100001360543/,100001360543
https://retty.me/area/PRE13/ARE7/SUB701/100001360688/,100001360688
https://retty.me/area/PRE13/ARE7/SUB701/100001360814/,100001360814
https://retty.me/area/PRE13/ARE7/SUB701/100001361116/,100001361116
https://retty.me/area/PRE13/ARE7/SUB701/100001361206/,100001361206
https://retty.me/area/PRE13/ARE7/SUB701/100001361210/,100001361210
https://retty.me/area/PRE13/ARE7/SUB701/100001361244/,100001361244
https://retty.me/area/PRE13/ARE7/SUB701/100001361275/,100001361275
https://retty.me/area/PRE13/ARE7/SUB701/100001361279/,100001361279
https://retty.me/area/PRE13/ARE7/SUB701/100001361302/,100001361302
https://retty.me/area/PRE13/ARE7/SUB701/100001372338/,100001372338
https://retty.me/area/PRE13/ARE7/SUB701/100001375815/,100001375815
https://retty.me/area/PRE13/ARE7/SUB701/100001375817/,100001375817
https://retty.me/area/PRE13/ARE7/SUB701/100001377800/,100001377800
https://retty.me/area/PRE13/ARE7/SUB701/100001377838/,100001377838
https://retty.me/area/PRE13/ARE7/SUB701/100001378428/,100001378428
https://retty.me/area/PRE13/ARE7/SUB701/100001380011/,100001380011
https://retty.me/area/PRE13/ARE7/SUB701/100001380159/,100001380159
https://retty.me/area/PRE13/ARE7/SUB701/100001381604/,100001381604
https://retty.me/area/PRE13/ARE7/SUB701/100001382489/,100001382489
https://retty.me/area/PRE13/ARE7/SUB701/100001383577/,100001383577
https://retty.me/area/PRE13/ARE7/SUB701/100001384007/,100001384007
https://retty.me/area/PRE13/ARE7/SUB701/100001386285/,100001386285
https://retty.me/area/PRE13/ARE7/SUB701/100001387681/,100001387681
https://retty.me/area/PRE13/ARE7/SUB701/100001388190/,100001388190
https://retty.me/area/PRE13/ARE7/SUB701/100001390150/,100001390150
https://retty.me/area/PRE13/ARE7/SUB701/100001391400/,100001391400
https://retty.me/area/PRE13/ARE7/SUB701/100001392976/,100001392976
https://retty.me/area/PRE13/ARE7/SUB701/100001393052/,100001393052
https://retty.me/area/PRE13/ARE7/SUB701/100001395393/,100001395393
https://retty.me/area/PRE13/ARE7/SUB701/100001399191/,100001399191
https://retty.me/area/PRE13/ARE7/SUB701/100001400310/,100001400310
https://retty.me/area/PRE13/ARE7/SUB701/100001401817/,100001401817
https://retty.me/area/PRE13/ARE7/SUB701/100001402417/,100001402417
https://retty.me/area/PRE13/ARE7/SUB701/100001405071/,100001405071
https://retty.me/area/PRE13/ARE7/SUB701/100001405646/,100001405646
https://retty.me/area/PRE13/ARE7/SUB701/100001406326/,100001406326
https://retty.me/area/PRE13/ARE7/SUB701/100001406657/,100001406657
https://retty.me/area/PRE13/ARE7/SUB701/100001406659/,100001406659
https://retty.me/area/PRE13/ARE7/SUB701/100001407248/,100001407248
https://retty.me/area/PRE13/ARE7/SUB701/100001409236/,100001409236
https://retty.me/area/PRE13/ARE7/SUB701/100001409257/,100001409257
https://retty.me/area/PRE13/ARE7/SUB701/100001409790/,100001409790
https://retty.me/area/PRE13/ARE7/SUB701/100001411019/,100001411019
https://retty.me/area/PRE13/ARE7/SUB701/100001412915/,100001412915
https://retty.me/area/PRE13/ARE7/SUB701/100001415294/,100001415294
https://retty.me/area/PRE13/ARE7/SUB701/100001416613/,100001416613
https://retty.me/area/PRE13/ARE7/SUB701/100001417287/,100001417287
https://retty.me/area/PRE13/ARE7/SUB701/100001417401/,100001417401
https://retty.me/area/PRE13/ARE7/SUB701/100001417707/,100001417707
https://retty.me/area/PRE13/ARE7/SUB701/100001417815/,100001417815
https://retty.me/area/PRE13/ARE7/SUB701/100001418104/,100001418104
https://retty.me/area/PRE13/ARE7/SUB701/100001419132/,100001419132
https://retty.me/area/PRE13/ARE7/SUB701/100001419309/,100001419309
https://retty.me/area/PRE13/ARE7/SUB701/100001419491/,100001419491
https://retty.me/area/PRE13/ARE7/SUB701/100001421814/,100001421814
https://retty.me/area/PRE13/ARE7/SUB701/100001421854/,100001421854
https://retty.me/area/PRE13/ARE7/SUB701/100001422241/,100001422241
https://retty.me/area/PRE13/ARE7/SUB701/100001423114/,100001423114
https://retty.me/area/PRE13/ARE7/SUB701/100001423884/,100001423884
https://retty.me/area/PRE13/ARE7/SUB701/100001424737/,100001424737
https://retty.me/area/PRE13/ARE7/SUB701/100001426512/,100001426512
https://retty.me/area/PRE13/ARE7/SUB701/100001426560/,100001426560
https://retty.me/area/PRE13/ARE7/SUB701/100001426651/,100001426651
https://retty.me/area/PRE13/ARE7/SUB701/100001427157/,100001427157
https://retty.me/area/PRE13/ARE7/SUB701/100001428223/,100001428223
https://retty.me/area/PRE13/ARE7/SUB701/100001428524/,100001428524
https://retty.me/area/PRE13/ARE7/SUB701/100001429693/,100001429693
https://retty.me/area/PRE13/ARE7/SUB701/100001430666/,100001430666
https://retty.me/area/PRE13/ARE7/SUB701/100001430775/,100001430775
https://retty.me/area/PRE13/ARE7/SUB701/100001431389/,100001431389
https://retty.me/area/PRE13/ARE7/SUB701/100001432056/,100001432056
https://retty.me/area/PRE13/ARE7/SUB701/100001432971/,100001432971
https://retty.me/area/PRE13/ARE7/SUB701/100001434257/,100001434257
https://retty.me/area/PRE13/ARE7/SUB701/100001436051/,100001436051
https://retty.me/area/PRE13/ARE7/SUB701/100001438070/,100001438070
https://retty.me/area/PRE13/ARE7/SUB701/100001439428/,100001439428
https://retty.me/area/PRE13/ARE7/SUB701/100001439829/,100001439829
https://retty.me/area/PRE13/ARE7/SUB701/100001440122/,100001440122
https://retty.me/area/PRE13/ARE7/SUB701/100001440252/,100001440252
https://retty.me/area/PRE13/ARE7/SUB701/100001440571/,100001440571
https://retty.me/area/PRE13/ARE7/SUB701/100001441458/,100001441458
https://retty.me/area/PRE13/ARE7/SUB701/100001441582/,100001441582
https://retty.me/area/PRE13/ARE7/SUB701/100001443734/,100001443734
https://retty.me/area/PRE13/ARE7/SUB701/100001444006/,100001444006
https://retty.me/area/PRE13/ARE7/SUB701/100001444083/,100001444083
https://retty.me/area/PRE13/ARE7/SUB701/100001444569/,100001444569
https://retty.me/area/PRE13/ARE7/SUB701/100001445235/,100001445235
https://retty.me/area/PRE13/ARE7/SUB701/100001446255/,100001446255
https://retty.me/area/PRE13/ARE7/SUB701/100001446445/,100001446445
https://retty.me/area/PRE13/ARE7/SUB701/100001448019/,100001448019
https://retty.me/area/PRE13/ARE7/SUB701/100001449802/,100001449802
https://retty.me/area/PRE13/ARE7/SUB701/100001451409/,100001451409
https://retty.me/area/PRE13/ARE7/SUB701/100001451600/,100001451600
https://retty.me/area/PRE13/ARE7/SUB701/100001451780/,100001451780
https://retty.me/area/PRE13/ARE7/SUB701/100001451989/,100001451989
https://retty.me/area/PRE13/ARE7/SUB701/100001452393/,100001452393
https://retty.me/area/PRE13/ARE7/SUB701/100001456625/,100001456625
https://retty.me/area/PRE13/ARE7/SUB701/100001460532/,100001460532
https://retty.me/area/PRE13/ARE7/SUB701/100001460784/,100001460784
https://retty.me/area/PRE13/ARE7/SUB701/100001462032/,100001462032
https://retty.me/area/PRE13/ARE7/SUB701/100001464473/,100001464473
https://retty.me/area/PRE13/ARE7/SUB701/100001464835/,100001464835
https://retty.me/area/PRE13/ARE7/SUB701/100001465085/,100001465085
https://retty.me/area/PRE13/ARE7/SUB701/100001468159/,100001468159
https://retty.me/area/PRE13/ARE7/SUB701/100001469377/,100001469377
https://retty.me/area/PRE13/ARE7/SUB701/100001469972/,100001469972
https://retty.me/area/PRE13/ARE7/SUB701/100001470072/,100001470072
https://retty.me/area/PRE13/ARE7/SUB701/100001471293/,100001471293
https://retty.me/area/PRE13/ARE7/SUB701/100001472707/,100001472707
https://retty.me/area/PRE13/ARE7/SUB701/100001473330/,100001473330
https://retty.me/area/PRE13/ARE7/SUB701/100001473568/,100001473568
https://retty.me/area/PRE13/ARE7/SUB701/100001474585/,100001474585
https://retty.me/area/PRE13/ARE7/SUB701/100001476165/,100001476165
https://retty.me/area/PRE13/ARE7/SUB701/100001477014/,100001477014
https://retty.me/area/PRE13/ARE7/SUB701/100001479216/,100001479216
https://retty.me/area/PRE13/ARE7/SUB701/100001479218/,100001479218
https://retty.me/area/PRE13/ARE7/SUB701/100001480511/,100001480511
https://retty.me/area/PRE13/ARE7/SUB701/100001481884/,100001481884
https://retty.me/area/PRE13/ARE7/SUB701/100001485292/,100001485292
https://retty.me/area/PRE13/ARE7/SUB701/100001485412/,100001485412
https://retty.me/area/PRE13/ARE7/SUB701/100001485530/,100001485530
https://retty.me/area/PRE13/ARE7/SUB701/100001487095/,100001487095
https://retty.me/area/PRE13/ARE7/SUB701/100001487948/,100001487948
https://retty.me/area/PRE13/ARE7/SUB701/100001492565/,100001492565
https://retty.me/area/PRE13/ARE7/SUB701/100001494319/,100001494319
https://retty.me/area/PRE13/ARE7/SUB701/100001495134/,100001495134
https://retty.me/area/PRE13/ARE7/SUB701/100001495898/,100001495898
https://retty.me/area/PRE13/ARE7/SUB701/100001497544/,100001497544
https://retty.me/area/PRE13/ARE7/SUB701/100001499187/,100001499187
https://retty.me/area/PRE13/ARE7/SUB701/100001503730/,100001503730
https://retty.me/area/PRE13/ARE7/SUB701/100001504623/,100001504623
https://retty.me/area/PRE13/ARE7/SUB701/100001508746/,100001508746
https://retty.me/area/PRE13/ARE7/SUB701/100001509191/,100001509191
https://retty.me/area/PRE13/ARE7/SUB701/100001510835/,100001510835
https://retty.me/area/PRE13/ARE7/SUB701/100001513089/,100001513089
https://retty.me/area/PRE13/ARE7/SUB701/100001514792/,100001514792
https://retty.me/area/PRE13/ARE7/SUB701/100001514854/,100001514854
https://retty.me/area/PRE13/ARE7/SUB701/100001516001/,100001516001
https://retty.me/area/PRE13/ARE7/SUB701/100001517098/,100001517098
https://retty.me/area/PRE13/ARE7/SUB701/100001517396/,100001517396
https://retty.me/area/PRE13/ARE7/SUB701/100001517722/,100001517722
https://retty.me/area/PRE13/ARE7/SUB701/100001518745/,100001518745
https://retty.me/area/PRE13/ARE7/SUB701/100001518856/,100001518856
https://retty.me/area/PRE13/ARE7/SUB701/100001519405/,100001519405
https://retty.me/area/PRE13/ARE7/SUB701/100001521682/,100001521682
https://retty.me/area/PRE13/ARE7/SUB701/100001523421/,100001523421
https://retty.me/area/PRE13/ARE7/SUB701/100001524216/,100001524216
https://retty.me/area/PRE13/ARE7/SUB701/100001528616/,100001528616
https://retty.me/area/PRE13/ARE7/SUB701/100001531042/,100001531042
https://retty.me/area/PRE13/ARE7/SUB701/100001534292/,100001534292
https://retty.me/area/PRE13/ARE7/SUB701/100001535733/,100001535733
https://retty.me/area/PRE13/ARE7/SUB701/100001536208/,100001536208
https://retty.me/area/PRE13/ARE7/SUB701/100001536681/,100001536681
https://retty.me/area/PRE13/ARE7/SUB701/100001537242/,100001537242
https://retty.me/area/PRE13/ARE7/SUB701/100001537413/,100001537413
https://retty.me/area/PRE13/ARE7/SUB701/100001537570/,100001537570
https://retty.me/area/PRE13/ARE7/SUB701/100001538170/,100001538170
https://retty.me/area/PRE13/ARE7/SUB701/100001540764/,100001540764
https://retty.me/area/PRE13/ARE7/SUB701/100001543323/,100001543323
https://retty.me/area/PRE13/ARE7/SUB701/100001543491/,100001543491
https://retty.me/area/PRE13/ARE7/SUB701/100001543667/,100001543667
https://retty.me/area/PRE13/ARE7/SUB701/100001544181/,100001544181
https://retty.me/area/PRE13/ARE7/SUB701/100001546013/,100001546013
https://retty.me/area/PRE13/ARE7/SUB701/100001546081/,100001546081
https://retty.me/area/PRE13/ARE7/SUB701/100001546826/,100001546826
https://retty.me/area/PRE13/ARE7/SUB701/100001547090/,100001547090
https://retty.me/area/PRE13/ARE7/SUB701/100001547132/,100001547132
https://retty.me/area/PRE13/ARE7/SUB701/100001547723/,100001547723
https://retty.me/area/PRE13/ARE7/SUB701/100001548073/,100001548073
https://retty.me/area/PRE13/ARE7/SUB701/100001548928/,100001548928
https://retty.me/area/PRE13/ARE7/SUB701/100001549175/,100001549175
https://retty.me/area/PRE13/ARE7/SUB701/100001549251/,100001549251
https://retty.me/area/PRE13/ARE7/SUB701/100001549493/,100001549493
https://retty.me/area/PRE13/ARE7/SUB701/100001550541/,100001550541
https://retty.me/area/PRE13/ARE7/SUB701/100001550741/,100001550741
https://retty.me/area/PRE13/ARE7/SUB701/100001551121/,100001551121
https://retty.me/area/PRE13/ARE7/SUB701/100001551528/,100001551528
https://retty.me/area/PRE13/ARE7/SUB701/100001551555/,100001551555
https://retty.me/area/PRE13/ARE7/SUB701/100001551797/,100001551797
https://retty.me/area/PRE13/ARE7/SUB701/100001552725/,100001552725
https://retty.me/area/PRE13/ARE7/SUB701/100001553420/,100001553420
https://retty.me/area/PRE13/ARE7/SUB701/100001554313/,100001554313
https://retty.me/area/PRE13/ARE7/SUB701/100001554348/,100001554348
https://retty.me/area/PRE13/ARE7/SUB701/100001555290/,100001555290
https://retty.me/area/PRE13/ARE7/SUB701/100001555496/,100001555496
https://retty.me/area/PRE13/ARE7/SUB701/100001556375/,100001556375
https://retty.me/area/PRE13/ARE7/SUB701/100001556385/,100001556385
https://retty.me/area/PRE13/ARE7/SUB701/100001556386/,100001556386
https://retty.me/area/PRE13/ARE7/SUB701/100001556563/,100001556563
https://retty.me/area/PRE13/ARE7/SUB701/100001556857/,100001556857
https://retty.me/area/PRE13/ARE7/SUB701/100001556943/,100001556943
https://retty.me/area/PRE13/ARE7/SUB701/100001558536/,100001558536
https://retty.me/area/PRE13/ARE7/SUB701/100001559430/,100001559430
https://retty.me/area/PRE13/ARE7/SUB701/100001560837/,100001560837
https://retty.me/area/PRE13/ARE7/SUB701/100001561149/,100001561149
https://retty.me/area/PRE13/ARE7/SUB701/100001561784/,100001561784
https://retty.me/area/PRE13/ARE7/SUB701/100001562099/,100001562099
https://retty.me/area/PRE13/ARE7/SUB701/100001562125/,100001562125
https://retty.me/area/PRE13/ARE7/SUB701/100001562308/,100001562308
https://retty.me/area/PRE13/ARE7/SUB701/100001562814/,100001562814
https://retty.me/area/PRE13/ARE7/SUB701/100001563481/,100001563481
https://retty.me/area/PRE13/ARE7/SUB701/100001563981/,100001563981
https://retty.me/area/PRE13/ARE7/SUB701/100001563990/,100001563990
https://retty.me/area/PRE13/ARE7/SUB701/100001564502/,100001564502
https://retty.me/area/PRE13/ARE7/SUB701/100001564656/,100001564656
https://retty.me/area/PRE13/ARE7/SUB701/100001566184/,100001566184
https://retty.me/area/PRE13/ARE7/SUB701/100001566312/,100001566312
https://retty.me/area/PRE13/ARE7/SUB701/100001566456/,100001566456
https://retty.me/area/PRE13/ARE7/SUB701/100001567099/,100001567099
https://retty.me/area/PRE13/ARE7/SUB701/100001567141/,100001567141
https://retty.me/area/PRE13/ARE7/SUB701/100001568147/,100001568147
https://retty.me/area/PRE13/ARE7/SUB701/100001568175/,100001568175
https://retty.me/area/PRE13/ARE7/SUB701/100001568651/,100001568651
https://retty.me/area/PRE13/ARE7/SUB701/100001569433/,100001569433
https://retty.me/area/PRE13/ARE7/SUB701/100001569923/,100001569923
https://retty.me/area/PRE13/ARE7/SUB701/100001571149/,100001571149
https://retty.me/area/PRE13/ARE7/SUB701/100001571155/,100001571155
https://retty.me/area/PRE13/ARE7/SUB701/100001571519/,100001571519
https://retty.me/area/PRE13/ARE7/SUB701/100001572027/,100001572027
https://retty.me/area/PRE13/ARE7/SUB701/100001572140/,100001572140
https://retty.me/area/PRE13/ARE7/SUB701/100001572931/,100001572931
https://retty.me/area/PRE13/ARE7/SUB701/100001575173/,100001575173
https://retty.me/area/PRE13/ARE7/SUB701/100001575472/,100001575472
https://retty.me/area/PRE13/ARE7/SUB701/100001576551/,100001576551
https://retty.me/area/PRE13/ARE7/SUB701/100001578634/,100001578634
https://retty.me/area/PRE13/ARE7/SUB701/100001579936/,100001579936
https://retty.me/area/PRE13/ARE7/SUB701/100001580085/,100001580085
https://retty.me/area/PRE13/ARE7/SUB701/100001580307/,100001580307
https://retty.me/area/PRE13/ARE7/SUB701/100001581875/,100001581875
https://retty.me/area/PRE13/ARE7/SUB701/100001582198/,100001582198
https://retty.me/area/PRE13/ARE7/SUB701/100001582772/,100001582772
https://retty.me/area/PRE13/ARE7/SUB701/100001584557/,100001584557
https://retty.me/area/PRE13/ARE7/SUB701/100001584949/,100001584949
https://retty.me/area/PRE13/ARE7/SUB701/100001585325/,100001585325
https://retty.me/area/PRE13/ARE7/SUB701/100001585669/,100001585669
https://retty.me/area/PRE13/ARE7/SUB701/100001585798/,100001585798
https://retty.me/area/PRE13/ARE7/SUB701/100001586111/,100001586111
https://retty.me/area/PRE13/ARE7/SUB701/100001586464/,100001586464
https://retty.me/area/PRE13/ARE7/SUB701/100001586617/,100001586617
https://retty.me/area/PRE13/ARE7/SUB701/100001587234/,100001587234
https://retty.me/area/PRE13/ARE7/SUB701/100001588986/,100001588986
https://retty.me/area/PRE13/ARE7/SUB701/100001589205/,100001589205
https://retty.me/area/PRE13/ARE7/SUB701/100001589206/,100001589206
https://retty.me/area/PRE13/ARE7/SUB701/100001589412/,100001589412
https://retty.me/area/PRE13/ARE7/SUB701/100001590042/,100001590042
https://retty.me/area/PRE13/ARE7/SUB701/100001590807/,100001590807
https://retty.me/area/PRE13/ARE7/SUB701/100001591526/,100001591526
https://retty.me/area/PRE13/ARE7/SUB701/100001592223/,100001592223
https://retty.me/area/PRE13/ARE7/SUB701/100001592250/,100001592250
https://retty.me/area/PRE13/ARE7/SUB701/100001592369/,100001592369
https://retty.me/area/PRE13/ARE7/SUB701/100001592386/,100001592386
https://retty.me/area/PRE13/ARE7/SUB701/100001593265/,100001593265
https://retty.me/area/PRE13/ARE7/SUB701/100001594265/,100001594265
https://retty.me/area/PRE13/ARE7/SUB701/100001595014/,100001595014
https://retty.me/area/PRE13/ARE7/SUB701/100001595196/,100001595196
https://retty.me/area/PRE13/ARE7/SUB701/100001595691/,100001595691
https://retty.me/area/PRE13/ARE7/SUB701/100001595821/,100001595821
https://retty.me/area/PRE13/ARE7/SUB701/100001595841/,100001595841
https://retty.me/area/PRE13/ARE7/SUB701/100001598169/,100001598169
https://retty.me/area/PRE13/ARE7/SUB701/100001598218/,100001598218
https://retty.me/area/PRE13/ARE7/SUB701/100001598926/,100001598926
https://retty.me/area/PRE13/ARE7/SUB701/100001598987/,100001598987
https://retty.me/area/PRE13/ARE7/SUB701/100001599055/,100001599055
https://retty.me/area/PRE13/ARE7/SUB701/100001599801/,100001599801
https://retty.me/area/PRE13/ARE7/SUB701/100001600511/,100001600511
https://retty.me/area/PRE13/ARE7/SUB701/100001600875/,100001600875
https://retty.me/area/PRE13/ARE7/SUB701/100001600897/,100001600897
https://retty.me/area/PRE13/ARE7/SUB701/100001601253/,100001601253
https://retty.me/area/PRE13/ARE7/SUB701/100001601298/,100001601298
https://retty.me/area/PRE13/ARE7/SUB701/100001603181/,100001603181
https://retty.me/area/PRE13/ARE7/SUB701/100001603185/,100001603185
https://retty.me/area/PRE13/ARE7/SUB701/100001603583/,100001603583
https://retty.me/area/PRE13/ARE7/SUB701/100001603778/,100001603778
https://retty.me/area/PRE13/ARE7/SUB701/100001605021/,100001605021
https://retty.me/area/PRE13/ARE7/SUB701/100001606193/,100001606193
https://retty.me/area/PRE13/ARE7/SUB701/100001606783/,100001606783
https://retty.me/area/PRE13/ARE7/SUB701/100001606852/,100001606852
https://retty.me/area/PRE13/ARE7/SUB701/100001607008/,100001607008
https://retty.me/area/PRE13/ARE7/SUB701/100001607326/,100001607326
https://retty.me/area/PRE13/ARE7/SUB701/100001611379/,100001611379
https://retty.me/area/PRE13/ARE7/SUB701/100001612626/,100001612626
https://retty.me/area/PRE13/ARE7/SUB701/100001612848/,100001612848
https://retty.me/area/PRE13/ARE7/SUB701/100001612859/,100001612859
https://retty.me/area/PRE13/ARE7/SUB701/100001612919/,100001612919
https://retty.me/area/PRE13/ARE7/SUB701/100001613702/,100001613702
https://retty.me/area/PRE13/ARE7/SUB701/100001615446/,100001615446
https://retty.me/area/PRE13/ARE7/SUB701/100001616479/,100001616479
https://retty.me/area/PRE13/ARE7/SUB701/100001616523/,100001616523
https://retty.me/area/PRE13/ARE7/SUB701/100001617238/,100001617238
https://retty.me/area/PRE13/ARE7/SUB701/100001617815/,100001617815
https://retty.me/area/PRE13/ARE7/SUB701/100001618738/,100001618738
https://retty.me/area/PRE13/ARE7/SUB701/100001620997/,100001620997
https://retty.me/area/PRE13/ARE7/SUB701/100001624338/,100001624338
https://retty.me/area/PRE13/ARE7/SUB701/100001625372/,100001625372
https://retty.me/area/PRE13/ARE7/SUB701/100001625557/,100001625557
https://retty.me/area/PRE13/ARE7/SUB701/100001625579/,100001625579
https://retty.me/area/PRE13/ARE7/SUB701/100001625730/,100001625730
https://retty.me/area/PRE13/ARE7/SUB701/100001626925/,100001626925
https://retty.me/area/PRE13/ARE7/SUB701/100001626960/,100001626960
https://retty.me/area/PRE13/ARE7/SUB701/100001627389/,100001627389
https://retty.me/area/PRE13/ARE7/SUB701/100001627540/,100001627540
https://retty.me/area/PRE13/ARE7/SUB701/100001627543/,100001627543
https://retty.me/area/PRE13/ARE7/SUB701/100001627595/,100001627595
https://retty.me/area/PRE13/ARE7/SUB701/100001629494/,100001629494
https://retty.me/area/PRE13/ARE7/SUB701/100001630460/,100001630460
https://retty.me/area/PRE13/ARE7/SUB701/100001630592/,100001630592
https://retty.me/area/PRE13/ARE7/SUB701/100001630791/,100001630791
https://retty.me/area/PRE13/ARE7/SUB701/100001630904/,100001630904
https://retty.me/area/PRE13/ARE7/SUB701/100001631175/,100001631175
https://retty.me/area/PRE13/ARE7/SUB701/100001631234/,100001631234
https://retty.me/area/PRE13/ARE7/SUB701/100001631812/,100001631812
https://retty.me/area/PRE13/ARE7/SUB701/100001632325/,100001632325
https://retty.me/area/PRE13/ARE7/SUB701/100001632414/,100001632414
https://retty.me/area/PRE13/ARE7/SUB701/100001633527/,100001633527
https://retty.me/area/PRE13/ARE7/SUB701/100001634181/,100001634181
https://retty.me/area/PRE13/ARE7/SUB701/100001635895/,100001635895
https://retty.me/area/PRE13/ARE7/SUB701/100001636857/,100001636857
https://retty.me/area/PRE13/ARE7/SUB701/100001636954/,100001636954
https://retty.me/area/PRE13/ARE7/SUB701/100001639281/,100001639281
https://retty.me/area/PRE13/ARE7/SUB701/100001640438/,100001640438
https://retty.me/area/PRE13/ARE7/SUB701/100001640695/,100001640695
https://retty.me/area/PRE13/ARE7/SUB701/100001641581/,100001641581
https://retty.me/area/PRE13/ARE7/SUB701/100001645559/,100001645559
https://retty.me/area/PRE13/ARE7/SUB701/100001645753/,100001645753
https://retty.me/area/PRE13/ARE7/SUB701/100001650749/,100001650749
https://retty.me/area/PRE13/ARE7/SUB701/100001650766/,100001650766
https://retty.me/area/PRE13/ARE7/SUB701/100001650821/,100001650821
https://retty.me/area/PRE13/ARE7/SUB701/100001652309/,100001652309
https://retty.me/area/PRE13/ARE7/SUB701/100001652333/,100001652333
https://retty.me/area/PRE13/ARE7/SUB701/100001652990/,100001652990
https://retty.me/area/PRE13/ARE7/SUB701/100001653763/,100001653763
https://retty.me/area/PRE13/ARE7/SUB701/100001655469/,100001655469
https://retty.me/area/PRE13/ARE7/SUB701/100001657945/,100001657945
https://retty.me/area/PRE13/ARE7/SUB701/100001659932/,100001659932
https://retty.me/area/PRE13/ARE7/SUB701/100001663526/,100001663526
https://retty.me/area/PRE13/ARE7/SUB701/100001663611/,100001663611
https://retty.me/area/PRE13/ARE7/SUB701/100001665249/,100001665249
https://retty.me/area/PRE13/ARE7/SUB701/100001665520/,100001665520
https://retty.me/area/PRE13/ARE7/SUB701/100001665737/,100001665737
https://retty.me/area/PRE13/ARE7/SUB701/100001666287/,100001666287
https://retty.me/area/PRE13/ARE7/SUB701/100001666478/,100001666478
https://retty.me/area/PRE13/ARE7/SUB701/100001666953/,100001666953
https://retty.me/area/PRE13/ARE7/SUB701/100001668678/,100001668678
https://retty.me/area/PRE13/ARE7/SUB701/100001668728/,100001668728
https://retty.me/area/PRE13/ARE7/SUB701/100001669185/,100001669185
https://retty.me/area/PRE13/ARE7/SUB701/100001671880/,100001671880
https://retty.me/area/PRE13/ARE7/SUB701/100001673916/,100001673916
https://retty.me/area/PRE13/ARE7/SUB701/100001673950/,100001673950
https://retty.me/area/PRE13/ARE7/SUB701/100001674968/,100001674968
https://retty.me/area/PRE13/ARE7/SUB701/100001675780/,100001675780
https://retty.me/area/PRE13/ARE7/SUB701/100001675903/,100001675903
https://retty.me/area/PRE13/ARE7/SUB701/100001676288/,100001676288
https://retty.me/area/PRE13/ARE7/SUB701/100001676587/,100001676587
https://retty.me/area/PRE13/ARE7/SUB701/100001679308/,100001679308
https://retty.me/area/PRE13/ARE7/SUB701/100001679851/,100001679851
https://retty.me/area/PRE13/ARE7/SUB701/100001680374/,100001680374
https://retty.me/area/PRE13/ARE7/SUB701/100001680475/,100001680475
https://retty.me/area/PRE13/ARE7/SUB701/100001681192/,100001681192
https://retty.me/area/PRE13/ARE7/SUB701/100001681687/,100001681687
https://retty.me/area/PRE13/ARE7/SUB701/100001681795/,100001681795
https://retty.me/area/PRE13/ARE7/SUB701/100001682352/,100001682352
https://retty.me/area/PRE13/ARE7/SUB701/100001682566/,100001682566
https://retty.me/area/PRE13/ARE7/SUB701/100001682782/,100001682782
https://retty.me/area/PRE13/ARE7/SUB701/100001682930/,100001682930
https://retty.me/area/PRE13/ARE7/SUB701/100001683776/,100001683776
https://retty.me/area/PRE13/ARE7/SUB701/100001684349/,100001684349
https://retty.me/area/PRE13/ARE7/SUB701/100001685047/,100001685047
https://retty.me/area/PRE13/ARE7/SUB701/100001685202/,100001685202
https://retty.me/area/PRE13/ARE7/SUB701/100001685220/,100001685220
https://retty.me/area/PRE13/ARE7/SUB701/100001685393/,100001685393
https://retty.me/area/PRE13/ARE7/SUB701/100001685482/,100001685482
https://retty.me/area/PRE13/ARE7/SUB701/100001686229/,100001686229
https://retty.me/area/PRE13/ARE7/SUB701/100001686456/,100001686456
https://retty.me/area/PRE13/ARE7/SUB701/100001686754/,100001686754
https://retty.me/area/PRE13/ARE7/SUB701/100001687156/,100001687156
https://retty.me/area/PRE13/ARE7/SUB701/100001688142/,100001688142
https://retty.me/area/PRE13/ARE7/SUB701/100001688257/,100001688257
https://retty.me/area/PRE13/ARE7/SUB701/100001688767/,100001688767
https://retty.me/area/PRE13/ARE7/SUB701/100001688769/,100001688769
https://retty.me/area/PRE13/ARE7/SUB701/100001688949/,100001688949
https://retty.me/area/PRE13/ARE7/SUB701/100001690638/,100001690638
https://retty.me/area/PRE13/ARE7/SUB701/100001690774/,100001690774
https://retty.me/area/PRE13/ARE7/SUB701/100001691311/,100001691311
https://retty.me/area/PRE13/ARE7/SUB701/100001691753/,100001691753
https://retty.me/area/PRE13/ARE7/SUB701/100001692179/,100001692179
https://retty.me/area/PRE13/ARE7/SUB701/100001692307/,100001692307
https://retty.me/area/PRE13/ARE7/SUB701/100001692440/,100001692440
https://retty.me/area/PRE13/ARE7/SUB701/100001694209/,100001694209
https://retty.me/area/PRE13/ARE7/SUB701/100001695412/,100001695412
https://retty.me/area/PRE13/ARE7/SUB701/100001695706/,100001695706
https://retty.me/area/PRE13/ARE7/SUB701/100001695727/,100001695727
https://retty.me/area/PRE13/ARE7/SUB701/100001695951/,100001695951
https://retty.me/area/PRE13/ARE7/SUB701/100001697066/,100001697066
https://retty.me/area/PRE13/ARE7/SUB701/100001698073/,100001698073
https://retty.me/area/PRE13/ARE7/SUB701/100001698218/,100001698218
https://retty.me/area/PRE13/ARE7/SUB701/100001699064/,100001699064
https://retty.me/area/PRE13/ARE7/SUB701/100001699779/,100001699779
https://retty.me/area/PRE13/ARE7/SUB701/100001701753/,100001701753
https://retty.me/area/PRE13/ARE7/SUB701/100001704134/,100001704134
https://retty.me/area/PRE13/ARE7/SUB701/100001704365/,100001704365
https://retty.me/area/PRE13/ARE7/SUB701/100001705443/,100001705443
https://retty.me/area/PRE13/ARE7/SUB701/100001705820/,100001705820
https://retty.me/area/PRE13/ARE7/SUB701/100001705882/,100001705882
https://retty.me/area/PRE13/ARE7/SUB701/100001705899/,100001705899
https://retty.me/area/PRE13/ARE7/SUB701/100001706010/,100001706010
https://retty.me/area/PRE13/ARE7/SUB701/100001706461/,100001706461
https://retty.me/area/PRE13/ARE7/SUB701/100001707086/,100001707086
https://retty.me/area/PRE13/ARE7/SUB701/100001707391/,100001707391
https://retty.me/area/PRE13/ARE7/SUB701/100001707430/,100001707430
https://retty.me/area/PRE13/ARE7/SUB701/100001707549/,100001707549
https://retty.me/area/PRE13/ARE7/SUB701/100001707804/,100001707804
https://retty.me/area/PRE13/ARE7/SUB701/100001707836/,100001707836
https://retty.me/area/PRE13/ARE7/SUB701/100001708348/,100001708348
https://retty.me/area/PRE13/ARE7/SUB701/100001710249/,100001710249
https://retty.me/area/PRE13/ARE7/SUB701/100001710268/,100001710268
https://retty.me/area/PRE13/ARE7/SUB701/100001711432/,100001711432
https://retty.me/area/PRE13/ARE7/SUB701/100001711975/,100001711975
https://retty.me/area/PRE13/ARE7/SUB701/100001712273/,100001712273
https://retty.me/area/PRE13/ARE7/SUB701/100001712479/,100001712479
https://retty.me/area/PRE13/ARE7/SUB701/100001714154/,100001714154
https://retty.me/area/PRE13/ARE7/SUB701/100001714796/,100001714796
https://retty.me/area/PRE13/ARE7/SUB701/100001715900/,100001715900
https://retty.me/area/PRE13/ARE7/SUB701/100001718189/,100001718189
https://retty.me/area/PRE13/ARE7/SUB701/100001720106/,100001720106
https://retty.me/area/PRE13/ARE7/SUB701/100001720932/,100001720932
https://retty.me/area/PRE13/ARE7/SUB701/100001721864/,100001721864
https://retty.me/area/PRE13/ARE7/SUB701/100001721876/,100001721876
https://retty.me/area/PRE13/ARE7/SUB701/100001721908/,100001721908
https://retty.me/area/PRE13/ARE7/SUB701/100001722677/,100001722677
https://retty.me/area/PRE13/ARE7/SUB701/100001723237/,100001723237
https://retty.me/area/PRE13/ARE7/SUB701/100001723687/,100001723687
https://retty.me/area/PRE13/ARE7/SUB701/100001723762/,100001723762
https://retty.me/area/PRE13/ARE7/SUB701/100001724119/,100001724119
https://retty.me/area/PRE13/ARE7/SUB701/100001724871/,100001724871
https://retty.me/area/PRE13/ARE7/SUB701/100001725084/,100001725084
https://retty.me/area/PRE13/ARE7/SUB701/100001725155/,100001725155
https://retty.me/area/PRE13/ARE7/SUB701/100001725158/,100001725158
https://retty.me/area/PRE13/ARE7/SUB701/100001725571/,100001725571
https://retty.me/area/PRE13/ARE7/SUB701/100001725784/,100001725784
https://retty.me/area/PRE13/ARE7/SUB701/100001725914/,100001725914
https://retty.me/area/PRE13/ARE7/SUB701/100001725923/,100001725923
https://retty.me/area/PRE13/ARE7/SUB701/100001726457/,100001726457
https://retty.me/area/PRE13/ARE7/SUB701/100001727352/,100001727352
https://retty.me/area/PRE13/ARE7/SUB701/100001727697/,100001727697
https://retty.me/area/PRE13/ARE7/SUB701/100001727944/,100001727944
https://retty.me/area/PRE13/ARE7/SUB701/100001728706/,100001728706
https://retty.me/area/PRE13/ARE7/SUB701/100001728768/,100001728768
https://retty.me/area/PRE13/ARE7/SUB701/100001728855/,100001728855
https://retty.me/area/PRE13/ARE7/SUB701/100001728883/,100001728883
https://retty.me/area/PRE13/ARE7/SUB701/100001728974/,100001728974
https://retty.me/area/PRE13/ARE7/SUB701/100001730995/,100001730995
https://retty.me/area/PRE13/ARE7/SUB701/100001731240/,100001731240
https://retty.me/area/PRE13/ARE7/SUB701/100001734789/,100001734789
https://retty.me/area/PRE13/ARE7/SUB701/100001735098/,100001735098
https://retty.me/area/PRE13/ARE7/SUB701/100001735507/,100001735507
https://retty.me/area/PRE13/ARE7/SUB701/100001735877/,100001735877
https://retty.me/area/PRE13/ARE7/SUB701/100001736366/,100001736366
https://retty.me/area/PRE13/ARE7/SUB701/100001737002/,100001737002
https://retty.me/area/PRE13/ARE7/SUB701/100001737600/,100001737600
https://retty.me/area/PRE13/ARE7/SUB701/100001738121/,100001738121
https://retty.me/area/PRE13/ARE7/SUB701/100001738494/,100001738494
https://retty.me/area/PRE13/ARE7/SUB701/100001738618/,100001738618
https://retty.me/area/PRE13/ARE7/SUB701/100001738663/,100001738663
https://retty.me/area/PRE13/ARE7/SUB701/100001738779/,100001738779
https://retty.me/area/PRE13/ARE7/SUB701/100001739884/,100001739884
https://retty.me/area/PRE13/ARE7/SUB701/100001740500/,100001740500
https://retty.me/area/PRE13/ARE7/SUB701/100001740655/,100001740655
https://retty.me/area/PRE13/ARE7/SUB701/100001741402/,100001741402
https://retty.me/area/PRE13/ARE7/SUB701/100001741482/,100001741482
https://retty.me/area/PRE13/ARE7/SUB701/100001741912/,100001741912
https://retty.me/area/PRE13/ARE7/SUB701/100001741998/,100001741998
https://retty.me/area/PRE13/ARE7/SUB701/100001742158/,100001742158
https://retty.me/area/PRE13/ARE7/SUB701/100001742878/,100001742878
https://retty.me/area/PRE13/ARE7/SUB701/100001742905/,100001742905
https://retty.me/area/PRE13/ARE7/SUB701/100001743915/,100001743915
https://retty.me/area/PRE13/ARE7/SUB701/100001744533/,100001744533
https://retty.me/area/PRE13/ARE7/SUB701/100001745320/,100001745320
https://retty.me/area/PRE13/ARE7/SUB701/100001745964/,100001745964
https://retty.me/area/PRE13/ARE7/SUB701/100001745981/,100001745981
https://retty.me/area/PRE13/ARE7/SUB701/100001746008/,100001746008
https://retty.me/area/PRE13/ARE7/SUB701/100001747198/,100001747198
https://retty.me/area/PRE13/ARE7/SUB701/100001749096/,100001749096
https://retty.me/area/PRE13/ARE7/SUB701/100001749718/,100001749718
https://retty.me/area/PRE13/ARE7/SUB701/100001750263/,100001750263
https://retty.me/area/PRE13/ARE7/SUB701/100001750271/,100001750271
https://retty.me/area/PRE13/ARE7/SUB701/100001750388/,100001750388
https://retty.me/area/PRE13/ARE7/SUB701/100001751017/,100001751017
https://retty.me/area/PRE13/ARE7/SUB701/100001751034/,100001751034
https://retty.me/area/PRE13/ARE7/SUB701/100001751146/,100001751146
https://retty.me/area/PRE13/ARE7/SUB701/100001752068/,100001752068
https://retty.me/area/PRE13/ARE7/SUB701/100001752346/,100001752346
https://retty.me/area/PRE13/ARE7/SUB701/100001753067/,100001753067
https://retty.me/area/PRE13/ARE7/SUB701/100001754213/,100001754213
https://retty.me/area/PRE13/ARE7/SUB701/100001754491/,100001754491
https://retty.me/area/PRE13/ARE7/SUB701/100001754955/,100001754955
https://retty.me/area/PRE13/ARE7/SUB701/100001755044/,100001755044
https://retty.me/area/PRE13/ARE7/SUB701/100001755190/,100001755190
https://retty.me/area/PRE13/ARE7/SUB701/100001755262/,100001755262
https://retty.me/area/PRE13/ARE7/SUB701/100001755425/,100001755425
https://retty.me/area/PRE13/ARE7/SUB701/100001757250/,100001757250
https://retty.me/area/PRE13/ARE7/SUB701/100001757527/,100001757527
https://retty.me/area/PRE13/ARE7/SUB701/100001757641/,100001757641
https://retty.me/area/PRE13/ARE7/SUB701/100001758225/,100001758225
https://retty.me/area/PRE13/ARE7/SUB701/100001758993/,100001758993
https://retty.me/area/PRE13/ARE7/SUB701/100001759625/,100001759625
https://retty.me/area/PRE13/ARE7/SUB701/100001759635/,100001759635
https://retty.me/area/PRE13/ARE7/SUB701/100001759706/,100001759706
https://retty.me/area/PRE13/ARE7/SUB701/100001759958/,100001759958
https://retty.me/area/PRE13/ARE7/SUB701/100001761004/,100001761004
https://retty.me/area/PRE13/ARE7/SUB701/100001761071/,100001761071
https://retty.me/area/PRE13/ARE7/SUB701/100001761848/,100001761848
https://retty.me/area/PRE13/ARE7/SUB701/100001761978/,100001761978
https://retty.me/area/PRE13/ARE7/SUB701/100001762516/,100001762516
https://retty.me/area/PRE13/ARE7/SUB701/100001764197/,100001764197
https://retty.me/area/PRE13/ARE7/SUB701/100001764441/,100001764441
https://retty.me/area/PRE13/ARE7/SUB701/100001764507/,100001764507
https://retty.me/area/PRE13/ARE7/SUB701/100001764554/,100001764554
https://retty.me/area/PRE13/ARE7/SUB701/100001764566/,100001764566
https://retty.me/area/PRE13/ARE7/SUB701/100001764707/,100001764707
https://retty.me/area/PRE13/ARE7/SUB701/100001764960/,100001764960
https://retty.me/area/PRE13/ARE7/SUB701/100001765156/,100001765156
https://retty.me/area/PRE13/ARE7/SUB701/100001765223/,100001765223
https://retty.me/area/PRE13/ARE7/SUB701/100001765232/,100001765232
https://retty.me/area/PRE13/ARE7/SUB701/100001766350/,100001766350
https://retty.me/area/PRE13/ARE7/SUB701/100001767680/,100001767680
https://retty.me/area/PRE13/ARE7/SUB701/100001767805/,100001767805
https://retty.me/area/PRE13/ARE7/SUB701/100001767965/,100001767965
https://retty.me/area/PRE13/ARE7/SUB701/100001768115/,100001768115
https://retty.me/area/PRE13/ARE7/SUB701/100001768464/,100001768464
https://retty.me/area/PRE13/ARE7/SUB701/100001768499/,100001768499
https://retty.me/area/PRE13/ARE7/SUB701/100001768965/,100001768965
https://retty.me/area/PRE13/ARE7/SUB701/100001769212/,100001769212
https://retty.me/area/PRE13/ARE7/SUB701/100001769877/,100001769877
https://retty.me/area/PRE13/ARE7/SUB701/100001770380/,100001770380
https://retty.me/area/PRE13/ARE7/SUB701/100001770587/,100001770587
https://retty.me/area/PRE13/ARE7/SUB701/100001770876/,100001770876
https://retty.me/area/PRE13/ARE7/SUB701/100001770976/,100001770976
https://retty.me/area/PRE13/ARE7/SUB701/100001771157/,100001771157
https://retty.me/area/PRE13/ARE7/SUB701/100001771522/,100001771522
https://retty.me/area/PRE13/ARE7/SUB701/100001771742/,100001771742
https://retty.me/area/PRE13/ARE7/SUB701/100001772027/,100001772027
https://retty.me/area/PRE13/ARE7/SUB701/100001772490/,100001772490
https://retty.me/area/PRE13/ARE7/SUB701/100001773456/,100001773456
https://retty.me/area/PRE13/ARE7/SUB701/100001773605/,100001773605
https://retty.me/area/PRE13/ARE7/SUB701/100001773610/,100001773610
https://retty.me/area/PRE13/ARE7/SUB701/100001774162/,100001774162
https://retty.me/area/PRE13/ARE7/SUB701/100001774921/,100001774921
https://retty.me/area/PRE13/ARE7/SUB701/100001776148/,100001776148
https://retty.me/area/PRE13/ARE7/SUB701/100001776385/,100001776385
https://retty.me/area/PRE13/ARE7/SUB701/100001776540/,100001776540
https://retty.me/area/PRE13/ARE7/SUB701/100001776643/,100001776643
https://retty.me/area/PRE13/ARE7/SUB701/100001777681/,100001777681
https://retty.me/area/PRE13/ARE7/SUB701/100001777758/,100001777758
https://retty.me/area/PRE13/ARE7/SUB701/100001777797/,100001777797
https://retty.me/area/PRE13/ARE7/SUB701/100001777903/,100001777903
https://retty.me/area/PRE13/ARE7/SUB701/100001778038/,100001778038
https://retty.me/area/PRE13/ARE7/SUB701/100001779019/,100001779019
https://retty.me/area/PRE13/ARE7/SUB701/100001779277/,100001779277
https://retty.me/area/PRE13/ARE7/SUB701/100001779909/,100001779909
https://retty.me/area/PRE13/ARE7/SUB701/100001780381/,100001780381
https://retty.me/area/PRE13/ARE7/SUB701/100001781311/,100001781311
https://retty.me/area/PRE13/ARE7/SUB701/100001781839/,100001781839
https://retty.me/area/PRE13/ARE7/SUB701/100001782008/,100001782008
https://retty.me/area/PRE13/ARE7/SUB701/100001783443/,100001783443
https://retty.me/area/PRE13/ARE7/SUB701/100001783677/,100001783677
https://retty.me/area/PRE13/ARE7/SUB701/100001784241/,100001784241
https://retty.me/area/PRE13/ARE7/SUB701/100001784876/,100001784876
https://retty.me/area/PRE13/ARE7/SUB701/100001785311/,100001785311
https://retty.me/area/PRE13/ARE7/SUB701/100001785997/,100001785997
https://retty.me/area/PRE13/ARE7/SUB701/100001786189/,100001786189
https://retty.me/area/PRE13/ARE7/SUB701/100001786388/,100001786388
https://retty.me/area/PRE13/ARE7/SUB701/100001786623/,100001786623
https://retty.me/area/PRE13/ARE7/SUB701/100001787258/,100001787258
https://retty.me/area/PRE13/ARE7/SUB701/100001788510/,100001788510
https://retty.me/area/PRE13/ARE7/SUB701/100001788969/,100001788969
https://retty.me/area/PRE13/ARE7/SUB701/100001789223/,100001789223
https://retty.me/area/PRE13/ARE7/SUB701/100001792250/,100001792250
https://retty.me/area/PRE13/ARE7/SUB701/100001792670/,100001792670
https://retty.me/area/PRE13/ARE7/SUB701/100001792896/,100001792896
https://retty.me/area/PRE13/ARE7/SUB701/100001794077/,100001794077
https://retty.me/area/PRE13/ARE7/SUB701/100001798143/,100001798143
https://retty.me/area/PRE13/ARE7/SUB701/100001798168/,100001798168
https://retty.me/area/PRE13/ARE7/SUB701/100001799430/,100001799430
https://retty.me/area/PRE13/ARE7/SUB701/100001799491/,100001799491
https://retty.me/area/PRE13/ARE7/SUB701/100001801302/,100001801302
https://retty.me/area/PRE13/ARE7/SUB701/100001804476/,100001804476
https://retty.me/area/PRE13/ARE7/SUB701/100001804568/,100001804568
https://retty.me/area/PRE13/ARE7/SUB701/100001804606/,100001804606
https://retty.me/area/PRE13/ARE7/SUB701/100001804714/,100001804714
https://retty.me/area/PRE13/ARE7/SUB701/100001806890/,100001806890
https://retty.me/area/PRE13/ARE7/SUB701/100001807354/,100001807354
https://retty.me/area/PRE13/ARE7/SUB701/100001808299/,100001808299
https://retty.me/area/PRE13/ARE7/SUB701/100001808591/,100001808591
https://retty.me/area/PRE13/ARE7/SUB701/100001810864/,100001810864
https://retty.me/area/PRE13/ARE7/SUB701/100001810865/,100001810865
https://retty.me/area/PRE13/ARE7/SUB701/100001814770/,100001814770
https://retty.me/area/PRE13/ARE7/SUB701/100001815419/,100001815419
https://retty.me/area/PRE13/ARE7/SUB701/100001815464/,100001815464
https://retty.me/area/PRE13/ARE7/SUB701/100001815851/,100001815851
https://retty.me/area/PRE13/ARE7/SUB701/100001817033/,100001817033
https://retty.me/area/PRE13/ARE7/SUB701/100001818319/,100001818319
https://retty.me/area/PRE13/ARE7/SUB701/100001818868/,100001818868
https://retty.me/area/PRE13/ARE7/SUB701/100001818887/,100001818887
https://retty.me/area/PRE13/ARE7/SUB701/100001819366/,100001819366
https://retty.me/area/PRE13/ARE7/SUB701/100001819581/,100001819581
https://retty.me/area/PRE13/ARE7/SUB701/100001820225/,100001820225
https://retty.me/area/PRE13/ARE7/SUB701/100001820535/,100001820535
https://retty.me/area/PRE13/ARE7/SUB701/100001821722/,100001821722
https://retty.me/area/PRE13/ARE7/SUB701/100001822167/,100001822167
https://retty.me/area/PRE13/ARE7/SUB701/100001822186/,100001822186
https://retty.me/area/PRE13/ARE7/SUB701/100001823872/,100001823872
https://retty.me/area/PRE13/ARE7/SUB701/100001824342/,100001824342
https://retty.me/area/PRE13/ARE7/SUB701/100001824430/,100001824430
https://retty.me/area/PRE13/ARE7/SUB701/100001824582/,100001824582
https://retty.me/area/PRE13/ARE7/SUB701/100001824686/,100001824686
https://retty.me/area/PRE13/ARE7/SUB701/100001824695/,100001824695
https://retty.me/area/PRE13/ARE7/SUB701/100001824835/,100001824835
https://retty.me/area/PRE13/ARE7/SUB701/100001825017/,100001825017
https://retty.me/area/PRE13/ARE7/SUB701/100001825717/,100001825717
https://retty.me/area/PRE13/ARE7/SUB701/100001829487/,100001829487
https://retty.me/area/PRE13/ARE7/SUB701/100001829916/,100001829916
https://retty.me/area/PRE13/ARE7/SUB701/100001830305/,100001830305
https://retty.me/area/PRE13/ARE7/SUB701/100001830381/,100001830381
https://retty.me/area/PRE13/ARE7/SUB701/100001831033/,100001831033
https://retty.me/area/PRE13/ARE7/SUB701/100001831134/,100001831134
https://retty.me/area/PRE13/ARE7/SUB701/100001831440/,100001831440
https://retty.me/area/PRE13/ARE7/SUB701/100001831921/,100001831921
https://retty.me/area/PRE13/ARE7/SUB701/100001832975/,100001832975
https://retty.me/area/PRE13/ARE7/SUB701/100001832979/,100001832979
https://retty.me/area/PRE13/ARE7/SUB701/100001833290/,100001833290
https://retty.me/area/PRE13/ARE7/SUB701/100001833329/,100001833329
https://retty.me/area/PRE13/ARE7/SUB701/100001833947/,100001833947
https://retty.me/area/PRE13/ARE7/SUB701/100001834093/,100001834093
https://retty.me/area/PRE13/ARE7/SUB701/100001834341/,100001834341
